Sentence_ID,Token,BIO_Tag
1,"depression,",B-MENTAL_HEALTH
1,"depression,",B-MENTAL_HEALTH
1,"depression,",B-MENTAL_HEALTH
2,these,B-SOCIAL_SUPPORT
2,were,I-SOCIAL_SUPPORT
2,discussed,I-SOCIAL_SUPPORT
2,with,I-SOCIAL_SUPPORT
2,the,I-SOCIAL_SUPPORT
2,patient,I-SOCIAL_SUPPORT
2,and,I-SOCIAL_SUPPORT
2,her,I-SOCIAL_SUPPORT
2,family,I-SOCIAL_SUPPORT
3,family,B-SOCIAL_SUPPORT
3,history,I-SOCIAL_SUPPORT
4,she,B-ALCOHOL_USE
4,has,I-ALCOHOL_USE
4,no,I-ALCOHOL_USE
4,history,I-ALCOHOL_USE
4,of,I-ALCOHOL_USE
4,drinking.,I-ALCOHOL_USE
5,quit,B-SMOKING
5,smoking,I-SMOKING
5,in,I-SMOKING
5,,I-SMOKING
5,date,I-SMOKING
5,,I-SMOKING
5,has,I-SMOKING
5,,I-SMOKING
5,date,I-SMOKING
5,,I-SMOKING
5,children.,I-SMOKING
6,family,B-SOCIAL_SUPPORT
6,history,I-SOCIAL_SUPPORT
7,she,B-ALCOHOL_USE
7,has,I-ALCOHOL_USE
7,no,I-ALCOHOL_USE
7,history,I-ALCOHOL_USE
7,of,I-ALCOHOL_USE
7,drinking.,I-ALCOHOL_USE
8,quit,B-SMOKING
8,smoking,I-SMOKING
8,in,I-SMOKING
8,,I-SMOKING
8,date,I-SMOKING
8,,I-SMOKING
8,has,I-SMOKING
8,,I-SMOKING
8,date,I-SMOKING
8,,I-SMOKING
8,children.,I-SMOKING
9,"depression,",B-MENTAL_HEALTH
9,"depression,",B-MENTAL_HEALTH
9,"depression,",B-MENTAL_HEALTH
9,"depression,",B-MENTAL_HEALTH
9,"depression,",B-MENTAL_HEALTH
10,family,B-SOCIAL_SUPPORT
11,history,B-SMOKING
11,of,I-SMOKING
11,tobacco,I-SMOKING
11,use,I-SMOKING
11,stroke,I-SMOKING
11,appendectomy,I-SMOKING
11,in,I-SMOKING
12,personal,B-SMOKING
12,history,I-SMOKING
12,of,I-SMOKING
12,tobacco,I-SMOKING
12,use,I-SMOKING
12,splenomegaly,I-SMOKING
12,stroke,I-SMOKING
12,vitamin,I-SMOKING
12,d,I-SMOKING
12,deficiency,I-SMOKING
12,appendectomy,I-SMOKING
12,in,I-SMOKING
12,,I-SMOKING
12,date,I-SMOKING
12,,I-SMOKING
13,personal,B-SMOKING
13,history,I-SMOKING
13,of,I-SMOKING
13,tobacco,I-SMOKING
13,use,I-SMOKING
13,splenomegaly,I-SMOKING
13,stroke,I-SMOKING
13,vitamin,I-SMOKING
13,d,I-SMOKING
13,deficiency,I-SMOKING
13,appendectomy,I-SMOKING
13,in,I-SMOKING
13,personal,B-SMOKING
13,history,I-SMOKING
13,of,I-SMOKING
13,tobacco,I-SMOKING
13,use,I-SMOKING
13,splenomegaly,I-SMOKING
13,stroke,I-SMOKING
13,vitamin,I-SMOKING
13,d,I-SMOKING
13,deficiency,I-SMOKING
13,appendectomy,I-SMOKING
13,in,I-SMOKING
13,personal,B-SMOKING
13,history,I-SMOKING
13,of,I-SMOKING
13,tobacco,I-SMOKING
13,use,I-SMOKING
13,splenomegaly,I-SMOKING
13,stroke,I-SMOKING
13,vitamin,I-SMOKING
13,d,I-SMOKING
13,deficiency,I-SMOKING
13,appendectomy,I-SMOKING
13,in,I-SMOKING
13,personal,B-SMOKING
13,history,I-SMOKING
13,of,I-SMOKING
13,tobacco,I-SMOKING
13,use,I-SMOKING
13,splenomegaly,I-SMOKING
13,stroke,I-SMOKING
13,vitamin,I-SMOKING
13,d,I-SMOKING
13,deficiency,I-SMOKING
13,appendectomy,I-SMOKING
13,in,I-SMOKING
14,history,B-SMOKING
14,of,I-SMOKING
14,tobacco,I-SMOKING
14,"use,",I-SMOKING
14,"splenomegaly,",I-SMOKING
15,,B-SMOKING
15,"cigarettes,",I-SMOKING
15,no,I-SMOKING
16,",",B-SMOKING
16,stopped,I-SMOKING
16,smoking,I-SMOKING
16,,I-SMOKING
16,date,I-SMOKING
16,",",I-SMOKING
16,and,I-SMOKING
17,,B-SOCIAL_SUPPORT
17,supportive,I-SOCIAL_SUPPORT
17,family,I-SOCIAL_SUPPORT
18,drink,B-ALCOHOL_USE
18,alcohol,I-ALCOHOL_USE
19,easily,B-ALCOHOL_USE
19,a,I-ALCOHOL_USE
19,six,I-ALCOHOL_USE
19,pack,I-ALCOHOL_USE
19,or,I-ALCOHOL_USE
19,better,I-ALCOHOL_USE
19,a,I-ALCOHOL_USE
19,day,I-ALCOHOL_USE
19,on,I-ALCOHOL_USE
19,weekends,I-ALCOHOL_USE
19,and,I-ALCOHOL_USE
19,five,I-ALCOHOL_USE
19,to,I-ALCOHOL_USE
19,six,I-ALCOHOL_USE
19,shots,I-ALCOHOL_USE
19,of,I-ALCOHOL_USE
19,alcohol,I-ALCOHOL_USE
20,family,B-SOCIAL_SUPPORT
20,history,I-SOCIAL_SUPPORT
21,"depression,",B-MENTAL_HEALTH
22,,B-SOCIAL_SUPPORT
22,,I-SOCIAL_SUPPORT
22,significant,I-SOCIAL_SUPPORT
22,other,I-SOCIAL_SUPPORT
22,,I-SOCIAL_SUPPORT
22,,I-SOCIAL_SUPPORT
22,family,I-SOCIAL_SUPPORT
22,member,I-SOCIAL_SUPPORT
22,,I-SOCIAL_SUPPORT
22,,I-SOCIAL_SUPPORT
22,primary,I-SOCIAL_SUPPORT
22,care,I-SOCIAL_SUPPORT
22,physician,I-SOCIAL_SUPPORT
22,,I-SOCIAL_SUPPORT
22,,I-SOCIAL_SUPPORT
22,physician,I-SOCIAL_SUPPORT
22,,I-SOCIAL_SUPPORT
22,consulting,I-SOCIAL_SUPPORT
22,or,I-SOCIAL_SUPPORT
22,referring,I-SOCIAL_SUPPORT
22,,I-SOCIAL_SUPPORT
22,,I-SOCIAL_SUPPORT
22,,I-SOCIAL_SUPPORT
22,pharmacy,I-SOCIAL_SUPPORT
22,,I-SOCIAL_SUPPORT
22,,I-SOCIAL_SUPPORT
22,other,I-SOCIAL_SUPPORT
22,,I-SOCIAL_SUPPORT
23,n,B-SOCIAL_SUPPORT
23,,I-SOCIAL_SUPPORT
23,y,I-SOCIAL_SUPPORT
23,recommendations,I-SOCIAL_SUPPORT
23,,I-SOCIAL_SUPPORT
23,patient,I-SOCIAL_SUPPORT
23,and,I-SOCIAL_SUPPORT
23,family,I-SOCIAL_SUPPORT
23,verbalize,I-SOCIAL_SUPPORT
23,understanding?,I-SOCIAL_SUPPORT
24,n,B-SOCIAL_SUPPORT
24,,I-SOCIAL_SUPPORT
24,y,I-SOCIAL_SUPPORT
24,does,I-SOCIAL_SUPPORT
24,patient,I-SOCIAL_SUPPORT
24,and,I-SOCIAL_SUPPORT
24,family,I-SOCIAL_SUPPORT
24,agree,I-SOCIAL_SUPPORT
24,with,I-SOCIAL_SUPPORT
24,plan?,I-SOCIAL_SUPPORT
25,patient,B-SOCIAL_SUPPORT
25,and,I-SOCIAL_SUPPORT
25,family,I-SOCIAL_SUPPORT
25,instructed,I-SOCIAL_SUPPORT
25,to,I-SOCIAL_SUPPORT
26,personal,B-SMOKING
26,history,I-SMOKING
26,of,I-SMOKING
26,tobacco,I-SMOKING
26,use,I-SMOKING
26,splenomegaly,I-SMOKING
26,stroke,I-SMOKING
26,vitamin,I-SMOKING
26,d,I-SMOKING
26,deficiency,I-SMOKING
26,appendectomy,I-SMOKING
26,in,I-SMOKING
26,,I-SMOKING
26,date,I-SMOKING
27,personal,B-SMOKING
27,history,I-SMOKING
27,of,I-SMOKING
27,tobacco,I-SMOKING
27,use,I-SMOKING
27,splenomegaly,I-SMOKING
27,stroke,I-SMOKING
27,vitamin,I-SMOKING
27,d,I-SMOKING
27,deficiency,I-SMOKING
27,appendectomy,I-SMOKING
27,in,I-SMOKING
27,,I-SMOKING
27,date,I-SMOKING
27,,I-SMOKING
28,,B-SMOKING
28,"cigarettes,",I-SMOKING
28,no,I-SMOKING
29,drug,B-SMOKING
29,"use,",I-SMOKING
29,stopped,I-SMOKING
29,smoking,I-SMOKING
29,,I-SMOKING
29,date,I-SMOKING
29,",",I-SMOKING
29,and,I-SMOKING
30,,B-SOCIAL_SUPPORT
30,supportive,I-SOCIAL_SUPPORT
30,family,I-SOCIAL_SUPPORT
31,drink,B-ALCOHOL_USE
31,alcohol,I-ALCOHOL_USE
32,easily,B-ALCOHOL_USE
32,a,I-ALCOHOL_USE
32,six,I-ALCOHOL_USE
32,pack,I-ALCOHOL_USE
32,or,I-ALCOHOL_USE
32,better,I-ALCOHOL_USE
32,a,I-ALCOHOL_USE
32,day,I-ALCOHOL_USE
32,on,I-ALCOHOL_USE
32,weekends,I-ALCOHOL_USE
32,and,I-ALCOHOL_USE
32,five,I-ALCOHOL_USE
32,to,I-ALCOHOL_USE
32,six,I-ALCOHOL_USE
32,shots,I-ALCOHOL_USE
32,of,I-ALCOHOL_USE
32,alcohol,I-ALCOHOL_USE
33,"depression,",B-MENTAL_HEALTH
34,counseled,B-SMOKING
34,extensively,I-SMOKING
34,for,I-SMOKING
34,smoking,I-SMOKING
34,cessation,I-SMOKING
34,adrenal,I-SMOKING
35,adenoma,B-ALCOHOL_USE
35,alcohol,I-ALCOHOL_USE
35,abuse,I-ALCOHOL_USE
36,,B-SMOKING
36,"cigarettes,",I-SMOKING
36,no,I-SMOKING
37,drug,B-SMOKING
37,"use,",I-SMOKING
37,stopped,I-SMOKING
37,smoking,I-SMOKING
37,,I-SMOKING
37,date,I-SMOKING
37,",",I-SMOKING
37,and,I-SMOKING
38,,B-SOCIAL_SUPPORT
38,supportive,I-SOCIAL_SUPPORT
38,family,I-SOCIAL_SUPPORT
39,drink,B-ALCOHOL_USE
39,alcohol,I-ALCOHOL_USE
40,easily,B-ALCOHOL_USE
40,a,I-ALCOHOL_USE
40,six,I-ALCOHOL_USE
40,pack,I-ALCOHOL_USE
40,or,I-ALCOHOL_USE
40,better,I-ALCOHOL_USE
40,a,I-ALCOHOL_USE
40,day,I-ALCOHOL_USE
40,on,I-ALCOHOL_USE
40,weekends,I-ALCOHOL_USE
40,and,I-ALCOHOL_USE
40,five,I-ALCOHOL_USE
40,to,I-ALCOHOL_USE
40,six,I-ALCOHOL_USE
40,shots,I-ALCOHOL_USE
40,of,I-ALCOHOL_USE
40,alcohol,I-ALCOHOL_USE
41,"depression,",B-MENTAL_HEALTH
42,alcohol,B-ALCOHOL_USE
42,abuse,I-ALCOHOL_USE
43,,B-SMOKING
43,"cigarettes,",I-SMOKING
43,no,I-SMOKING
44,drug,B-SMOKING
44,"use,",I-SMOKING
44,stopped,I-SMOKING
44,smoking,I-SMOKING
44,,I-SMOKING
44,date,I-SMOKING
44,",",I-SMOKING
44,and,I-SMOKING
45,,B-SOCIAL_SUPPORT
45,supportive,I-SOCIAL_SUPPORT
45,family,I-SOCIAL_SUPPORT
46,drink,B-ALCOHOL_USE
46,alcohol,I-ALCOHOL_USE
47,easily,B-ALCOHOL_USE
47,a,I-ALCOHOL_USE
47,six,I-ALCOHOL_USE
47,pack,I-ALCOHOL_USE
47,or,I-ALCOHOL_USE
47,better,I-ALCOHOL_USE
47,a,I-ALCOHOL_USE
47,day,I-ALCOHOL_USE
47,on,I-ALCOHOL_USE
47,weekends,I-ALCOHOL_USE
47,and,I-ALCOHOL_USE
47,five,I-ALCOHOL_USE
47,to,I-ALCOHOL_USE
47,six,I-ALCOHOL_USE
47,shots,I-ALCOHOL_USE
47,of,I-ALCOHOL_USE
47,alcohol,I-ALCOHOL_USE
48,"depression,",B-MENTAL_HEALTH
49,,B-SMOKING
49,"cigarettes,",I-SMOKING
49,no,I-SMOKING
50,drug,B-SMOKING
50,"use,",I-SMOKING
50,stopped,I-SMOKING
50,smoking,I-SMOKING
50,,I-SMOKING
50,date,I-SMOKING
50,",",I-SMOKING
50,and,I-SMOKING
51,,B-SOCIAL_SUPPORT
51,supportive,I-SOCIAL_SUPPORT
51,family,I-SOCIAL_SUPPORT
52,drink,B-ALCOHOL_USE
52,alcohol,I-ALCOHOL_USE
53,easily,B-ALCOHOL_USE
53,a,I-ALCOHOL_USE
53,six,I-ALCOHOL_USE
53,pack,I-ALCOHOL_USE
53,or,I-ALCOHOL_USE
53,better,I-ALCOHOL_USE
53,a,I-ALCOHOL_USE
53,day,I-ALCOHOL_USE
53,on,I-ALCOHOL_USE
53,weekends,I-ALCOHOL_USE
53,and,I-ALCOHOL_USE
53,five,I-ALCOHOL_USE
53,to,I-ALCOHOL_USE
53,six,I-ALCOHOL_USE
53,shots,I-ALCOHOL_USE
53,of,I-ALCOHOL_USE
53,alcohol,I-ALCOHOL_USE
54,"depression,",B-MENTAL_HEALTH
55,,B-SOCIAL_SUPPORT
55,,I-SOCIAL_SUPPORT
55,significant,I-SOCIAL_SUPPORT
55,other,I-SOCIAL_SUPPORT
55,,I-SOCIAL_SUPPORT
55,,I-SOCIAL_SUPPORT
55,family,I-SOCIAL_SUPPORT
55,member,I-SOCIAL_SUPPORT
55,,I-SOCIAL_SUPPORT
55,,I-SOCIAL_SUPPORT
55,primary,I-SOCIAL_SUPPORT
55,care,I-SOCIAL_SUPPORT
55,physician,I-SOCIAL_SUPPORT
55,,I-SOCIAL_SUPPORT
55,,I-SOCIAL_SUPPORT
55,physician,I-SOCIAL_SUPPORT
55,,I-SOCIAL_SUPPORT
55,consulting,I-SOCIAL_SUPPORT
55,or,I-SOCIAL_SUPPORT
55,referring,I-SOCIAL_SUPPORT
55,,I-SOCIAL_SUPPORT
55,,I-SOCIAL_SUPPORT
55,,I-SOCIAL_SUPPORT
55,pharmacy,I-SOCIAL_SUPPORT
55,,I-SOCIAL_SUPPORT
55,,I-SOCIAL_SUPPORT
55,other,I-SOCIAL_SUPPORT
55,,I-SOCIAL_SUPPORT
56,n,B-SOCIAL_SUPPORT
56,,I-SOCIAL_SUPPORT
56,y,I-SOCIAL_SUPPORT
56,recommendations,I-SOCIAL_SUPPORT
56,,I-SOCIAL_SUPPORT
56,patient,I-SOCIAL_SUPPORT
56,and,I-SOCIAL_SUPPORT
56,family,I-SOCIAL_SUPPORT
56,verbalize,I-SOCIAL_SUPPORT
56,understanding?,I-SOCIAL_SUPPORT
57,n,B-SOCIAL_SUPPORT
57,,I-SOCIAL_SUPPORT
57,y,I-SOCIAL_SUPPORT
57,does,I-SOCIAL_SUPPORT
57,patient,I-SOCIAL_SUPPORT
57,and,I-SOCIAL_SUPPORT
57,family,I-SOCIAL_SUPPORT
57,agree,I-SOCIAL_SUPPORT
57,with,I-SOCIAL_SUPPORT
57,plan?,I-SOCIAL_SUPPORT
58,patient,B-SOCIAL_SUPPORT
58,and,I-SOCIAL_SUPPORT
58,family,I-SOCIAL_SUPPORT
58,instructed,I-SOCIAL_SUPPORT
58,to,I-SOCIAL_SUPPORT
59,,B-SMOKING
59,"cigarettes,",I-SMOKING
59,no,I-SMOKING
60,drug,B-SMOKING
60,"use,",I-SMOKING
60,stopped,I-SMOKING
60,smoking,I-SMOKING
60,,I-SMOKING
60,date,I-SMOKING
60,",",I-SMOKING
60,and,I-SMOKING
61,,B-SOCIAL_SUPPORT
61,supportive,I-SOCIAL_SUPPORT
61,family,I-SOCIAL_SUPPORT
62,drink,B-ALCOHOL_USE
62,alcohol,I-ALCOHOL_USE
63,easily,B-ALCOHOL_USE
63,a,I-ALCOHOL_USE
63,six,I-ALCOHOL_USE
63,pack,I-ALCOHOL_USE
63,or,I-ALCOHOL_USE
63,better,I-ALCOHOL_USE
63,a,I-ALCOHOL_USE
63,day,I-ALCOHOL_USE
63,on,I-ALCOHOL_USE
63,weekends,I-ALCOHOL_USE
63,and,I-ALCOHOL_USE
63,five,I-ALCOHOL_USE
63,to,I-ALCOHOL_USE
63,six,I-ALCOHOL_USE
63,shots,I-ALCOHOL_USE
63,of,I-ALCOHOL_USE
63,alcohol,I-ALCOHOL_USE
64,quit,B-SMOKING
64,smoking,I-SMOKING
64,3,I-SMOKING
64,weeks,I-SMOKING
64,ago,I-SMOKING
65,"depression,",B-MENTAL_HEALTH
66,nutrition,B-FOOD_SECURITY
66,assessment,I-FOOD_SECURITY
67,history,B-SMOKING
67,of,I-SMOKING
67,tobacco,I-SMOKING
67,use,I-SMOKING
67,splenomegaly,I-SMOKING
67,stroke,I-SMOKING
67,vitamin,I-SMOKING
67,d,I-SMOKING
68,,B-SOCIAL_SUPPORT
68,,I-SOCIAL_SUPPORT
68,family,I-SOCIAL_SUPPORT
68,member,I-SOCIAL_SUPPORT
68,,I-SOCIAL_SUPPORT
68,,I-SOCIAL_SUPPORT
68,primary,I-SOCIAL_SUPPORT
68,care,I-SOCIAL_SUPPORT
68,physician,I-SOCIAL_SUPPORT
68,,I-SOCIAL_SUPPORT
68,,I-SOCIAL_SUPPORT
68,physician,I-SOCIAL_SUPPORT
68,,I-SOCIAL_SUPPORT
68,consulting,I-SOCIAL_SUPPORT
68,or,I-SOCIAL_SUPPORT
68,referring,I-SOCIAL_SUPPORT
68,,I-SOCIAL_SUPPORT
68,,I-SOCIAL_SUPPORT
68,,I-SOCIAL_SUPPORT
68,pharmacy,I-SOCIAL_SUPPORT
68,,I-SOCIAL_SUPPORT
68,,I-SOCIAL_SUPPORT
68,other,I-SOCIAL_SUPPORT
68,,I-SOCIAL_SUPPORT
69,n,B-SOCIAL_SUPPORT
69,,I-SOCIAL_SUPPORT
69,recommendations,I-SOCIAL_SUPPORT
69,,I-SOCIAL_SUPPORT
69,patient,I-SOCIAL_SUPPORT
69,and,I-SOCIAL_SUPPORT
69,family,I-SOCIAL_SUPPORT
69,verbalize,I-SOCIAL_SUPPORT
69,understanding?,I-SOCIAL_SUPPORT
70,n,B-SOCIAL_SUPPORT
70,,I-SOCIAL_SUPPORT
70,y,I-SOCIAL_SUPPORT
70,does,I-SOCIAL_SUPPORT
70,patient,I-SOCIAL_SUPPORT
70,and,I-SOCIAL_SUPPORT
70,family,I-SOCIAL_SUPPORT
70,agree,I-SOCIAL_SUPPORT
70,with,I-SOCIAL_SUPPORT
70,plan?,I-SOCIAL_SUPPORT
71,patient,B-SOCIAL_SUPPORT
71,and,I-SOCIAL_SUPPORT
71,family,I-SOCIAL_SUPPORT
71,instructed,I-SOCIAL_SUPPORT
71,to,I-SOCIAL_SUPPORT
72,,B-SOCIAL_SUPPORT
72,,I-SOCIAL_SUPPORT
72,lab,I-SOCIAL_SUPPORT
72,or,I-SOCIAL_SUPPORT
72,other,I-SOCIAL_SUPPORT
72,test,I-SOCIAL_SUPPORT
72,results,I-SOCIAL_SUPPORT
72,given,I-SOCIAL_SUPPORT
72,to,I-SOCIAL_SUPPORT
72,patient,I-SOCIAL_SUPPORT
72,or,I-SOCIAL_SUPPORT
72,family,I-SOCIAL_SUPPORT
72,member,I-SOCIAL_SUPPORT
72,,I-SOCIAL_SUPPORT
72,,I-SOCIAL_SUPPORT
72,patient,I-SOCIAL_SUPPORT
72,or,I-SOCIAL_SUPPORT
72,family,I-SOCIAL_SUPPORT
72,member,I-SOCIAL_SUPPORT
72,assisted,I-SOCIAL_SUPPORT
72,with,I-SOCIAL_SUPPORT
72,scheduling,I-SOCIAL_SUPPORT
72,change,I-SOCIAL_SUPPORT
72,,I-SOCIAL_SUPPORT
72,,I-SOCIAL_SUPPORT
73,,B-SMOKING
73,"cigarettes,",I-SMOKING
73,no,I-SMOKING
74,drug,B-SMOKING
74,"use,",I-SMOKING
74,stopped,I-SMOKING
74,smoking,I-SMOKING
74,,I-SMOKING
74,date,I-SMOKING
74,",",I-SMOKING
74,and,I-SMOKING
75,,B-SOCIAL_SUPPORT
75,supportive,I-SOCIAL_SUPPORT
75,family,I-SOCIAL_SUPPORT
76,drink,B-ALCOHOL_USE
76,alcohol,I-ALCOHOL_USE
77,easily,B-ALCOHOL_USE
77,a,I-ALCOHOL_USE
77,six,I-ALCOHOL_USE
77,pack,I-ALCOHOL_USE
77,or,I-ALCOHOL_USE
77,better,I-ALCOHOL_USE
77,a,I-ALCOHOL_USE
77,day,I-ALCOHOL_USE
77,on,I-ALCOHOL_USE
77,weekends,I-ALCOHOL_USE
77,and,I-ALCOHOL_USE
77,five,I-ALCOHOL_USE
77,to,I-ALCOHOL_USE
77,six,I-ALCOHOL_USE
77,shots,I-ALCOHOL_USE
77,of,I-ALCOHOL_USE
77,alcohol,I-ALCOHOL_USE
78,quit,B-SMOKING
78,smoking,I-SMOKING
78,3,I-SMOKING
78,weeks,I-SMOKING
78,ago,I-SMOKING
79,"depression,",B-MENTAL_HEALTH
80,,B-SOCIAL_SUPPORT
80,,I-SOCIAL_SUPPORT
80,family,I-SOCIAL_SUPPORT
80,member,I-SOCIAL_SUPPORT
80,,I-SOCIAL_SUPPORT
80,,I-SOCIAL_SUPPORT
80,primary,I-SOCIAL_SUPPORT
80,care,I-SOCIAL_SUPPORT
80,physician,I-SOCIAL_SUPPORT
80,,I-SOCIAL_SUPPORT
80,,I-SOCIAL_SUPPORT
80,physician,I-SOCIAL_SUPPORT
80,,I-SOCIAL_SUPPORT
80,consulting,I-SOCIAL_SUPPORT
80,or,I-SOCIAL_SUPPORT
80,referring,I-SOCIAL_SUPPORT
80,,I-SOCIAL_SUPPORT
80,,I-SOCIAL_SUPPORT
80,,I-SOCIAL_SUPPORT
80,pharmacy,I-SOCIAL_SUPPORT
80,,I-SOCIAL_SUPPORT
80,,I-SOCIAL_SUPPORT
80,other,I-SOCIAL_SUPPORT
80,,I-SOCIAL_SUPPORT
81,n,B-SOCIAL_SUPPORT
81,,I-SOCIAL_SUPPORT
81,recommendations,I-SOCIAL_SUPPORT
81,,I-SOCIAL_SUPPORT
81,patient,I-SOCIAL_SUPPORT
81,and,I-SOCIAL_SUPPORT
81,family,I-SOCIAL_SUPPORT
81,verbalize,I-SOCIAL_SUPPORT
81,understanding?,I-SOCIAL_SUPPORT
82,n,B-SOCIAL_SUPPORT
82,,I-SOCIAL_SUPPORT
82,y,I-SOCIAL_SUPPORT
82,does,I-SOCIAL_SUPPORT
82,patient,I-SOCIAL_SUPPORT
82,and,I-SOCIAL_SUPPORT
82,family,I-SOCIAL_SUPPORT
82,agree,I-SOCIAL_SUPPORT
82,with,I-SOCIAL_SUPPORT
82,plan?,I-SOCIAL_SUPPORT
83,patient,B-SOCIAL_SUPPORT
83,and,I-SOCIAL_SUPPORT
83,family,I-SOCIAL_SUPPORT
83,instructed,I-SOCIAL_SUPPORT
83,to,I-SOCIAL_SUPPORT
84,test,B-SOCIAL_SUPPORT
84,results,I-SOCIAL_SUPPORT
84,given,I-SOCIAL_SUPPORT
84,to,I-SOCIAL_SUPPORT
84,patient,I-SOCIAL_SUPPORT
84,or,I-SOCIAL_SUPPORT
84,family,I-SOCIAL_SUPPORT
84,member,I-SOCIAL_SUPPORT
84,,I-SOCIAL_SUPPORT
84,,I-SOCIAL_SUPPORT
84,patient,I-SOCIAL_SUPPORT
84,or,I-SOCIAL_SUPPORT
84,family,I-SOCIAL_SUPPORT
84,member,I-SOCIAL_SUPPORT
84,assisted,I-SOCIAL_SUPPORT
84,with,I-SOCIAL_SUPPORT
85,,B-SMOKING
85,"cigarettes,",I-SMOKING
85,no,I-SMOKING
86,drug,B-SMOKING
86,"use,",I-SMOKING
86,stopped,I-SMOKING
86,smoking,I-SMOKING
86,,I-SMOKING
86,date,I-SMOKING
86,",",I-SMOKING
86,and,I-SMOKING
87,,B-SOCIAL_SUPPORT
87,supportive,I-SOCIAL_SUPPORT
87,family,I-SOCIAL_SUPPORT
88,drink,B-ALCOHOL_USE
88,alcohol,I-ALCOHOL_USE
89,easily,B-ALCOHOL_USE
89,a,I-ALCOHOL_USE
89,six,I-ALCOHOL_USE
89,pack,I-ALCOHOL_USE
89,or,I-ALCOHOL_USE
89,better,I-ALCOHOL_USE
89,a,I-ALCOHOL_USE
89,day,I-ALCOHOL_USE
89,on,I-ALCOHOL_USE
89,weekends,I-ALCOHOL_USE
89,and,I-ALCOHOL_USE
89,five,I-ALCOHOL_USE
89,to,I-ALCOHOL_USE
89,six,I-ALCOHOL_USE
89,shots,I-ALCOHOL_USE
89,of,I-ALCOHOL_USE
89,alcohol,I-ALCOHOL_USE
90,"depression,",B-MENTAL_HEALTH
91,,B-SOCIAL_SUPPORT
91,,I-SOCIAL_SUPPORT
91,significant,I-SOCIAL_SUPPORT
91,other,I-SOCIAL_SUPPORT
91,,I-SOCIAL_SUPPORT
91,,I-SOCIAL_SUPPORT
91,family,I-SOCIAL_SUPPORT
91,member,I-SOCIAL_SUPPORT
91,,I-SOCIAL_SUPPORT
91,,I-SOCIAL_SUPPORT
91,primary,I-SOCIAL_SUPPORT
91,care,I-SOCIAL_SUPPORT
91,physician,I-SOCIAL_SUPPORT
91,,I-SOCIAL_SUPPORT
91,,I-SOCIAL_SUPPORT
91,physician,I-SOCIAL_SUPPORT
91,,I-SOCIAL_SUPPORT
91,consulting,I-SOCIAL_SUPPORT
91,or,I-SOCIAL_SUPPORT
91,referring,I-SOCIAL_SUPPORT
91,,I-SOCIAL_SUPPORT
91,,I-SOCIAL_SUPPORT
91,,I-SOCIAL_SUPPORT
91,pharmacy,I-SOCIAL_SUPPORT
91,,I-SOCIAL_SUPPORT
91,,I-SOCIAL_SUPPORT
91,other,I-SOCIAL_SUPPORT
91,,I-SOCIAL_SUPPORT
92,she,B-SOCIAL_SUPPORT
92,reported,I-SOCIAL_SUPPORT
92,that,I-SOCIAL_SUPPORT
92,she,I-SOCIAL_SUPPORT
92,tried,I-SOCIAL_SUPPORT
92,a,I-SOCIAL_SUPPORT
92,benadryl,I-SOCIAL_SUPPORT
92,since,I-SOCIAL_SUPPORT
92,her,I-SOCIAL_SUPPORT
92,family,I-SOCIAL_SUPPORT
92,member,I-SOCIAL_SUPPORT
92,thought,I-SOCIAL_SUPPORT
92,it,I-SOCIAL_SUPPORT
92,was,I-SOCIAL_SUPPORT
92,sinus,I-SOCIAL_SUPPORT
92,related,I-SOCIAL_SUPPORT
92,since,I-SOCIAL_SUPPORT
92,she,I-SOCIAL_SUPPORT
92,was,I-SOCIAL_SUPPORT
93,n,B-SOCIAL_SUPPORT
93,,I-SOCIAL_SUPPORT
93,y,I-SOCIAL_SUPPORT
93,recommendations,I-SOCIAL_SUPPORT
93,,I-SOCIAL_SUPPORT
93,patient,I-SOCIAL_SUPPORT
93,and,I-SOCIAL_SUPPORT
93,family,I-SOCIAL_SUPPORT
93,verbalize,I-SOCIAL_SUPPORT
93,understanding?,I-SOCIAL_SUPPORT
94,n,B-SOCIAL_SUPPORT
94,,I-SOCIAL_SUPPORT
94,y,I-SOCIAL_SUPPORT
94,does,I-SOCIAL_SUPPORT
94,patient,I-SOCIAL_SUPPORT
94,and,I-SOCIAL_SUPPORT
94,family,I-SOCIAL_SUPPORT
94,agree,I-SOCIAL_SUPPORT
94,with,I-SOCIAL_SUPPORT
94,plan?,I-SOCIAL_SUPPORT
95,patient,B-SOCIAL_SUPPORT
95,and,I-SOCIAL_SUPPORT
95,family,I-SOCIAL_SUPPORT
95,instructed,I-SOCIAL_SUPPORT
95,to,I-SOCIAL_SUPPORT
96,,B-SOCIAL_SUPPORT
96,,I-SOCIAL_SUPPORT
96,lab,I-SOCIAL_SUPPORT
96,or,I-SOCIAL_SUPPORT
96,other,I-SOCIAL_SUPPORT
96,test,I-SOCIAL_SUPPORT
96,results,I-SOCIAL_SUPPORT
96,given,I-SOCIAL_SUPPORT
96,to,I-SOCIAL_SUPPORT
96,patient,I-SOCIAL_SUPPORT
96,or,I-SOCIAL_SUPPORT
96,family,I-SOCIAL_SUPPORT
96,member,I-SOCIAL_SUPPORT
96,,I-SOCIAL_SUPPORT
96,,I-SOCIAL_SUPPORT
96,patient,I-SOCIAL_SUPPORT
96,or,I-SOCIAL_SUPPORT
96,family,I-SOCIAL_SUPPORT
96,member,I-SOCIAL_SUPPORT
96,assisted,I-SOCIAL_SUPPORT
96,with,I-SOCIAL_SUPPORT
96,scheduling,I-SOCIAL_SUPPORT
96,change,I-SOCIAL_SUPPORT
96,,I-SOCIAL_SUPPORT
96,,I-SOCIAL_SUPPORT
97,,B-SMOKING
97,"cigarettes,",I-SMOKING
97,no,I-SMOKING
98,drug,B-SMOKING
98,"use,",I-SMOKING
98,stopped,I-SMOKING
98,smoking,I-SMOKING
98,,I-SMOKING
98,date,I-SMOKING
98,",",I-SMOKING
98,and,I-SMOKING
99,,B-SOCIAL_SUPPORT
99,supportive,I-SOCIAL_SUPPORT
99,family,I-SOCIAL_SUPPORT
100,drink,B-ALCOHOL_USE
100,alcohol,I-ALCOHOL_USE
101,easily,B-ALCOHOL_USE
101,a,I-ALCOHOL_USE
101,six,I-ALCOHOL_USE
101,pack,I-ALCOHOL_USE
101,or,I-ALCOHOL_USE
101,better,I-ALCOHOL_USE
101,a,I-ALCOHOL_USE
101,day,I-ALCOHOL_USE
101,on,I-ALCOHOL_USE
101,weekends,I-ALCOHOL_USE
101,and,I-ALCOHOL_USE
101,five,I-ALCOHOL_USE
101,to,I-ALCOHOL_USE
101,six,I-ALCOHOL_USE
101,shots,I-ALCOHOL_USE
101,of,I-ALCOHOL_USE
101,alcohol,I-ALCOHOL_USE
102,"depression,",B-MENTAL_HEALTH
103,,B-SOCIAL_SUPPORT
103,,I-SOCIAL_SUPPORT
103,family,I-SOCIAL_SUPPORT
103,member,I-SOCIAL_SUPPORT
103,,I-SOCIAL_SUPPORT
103,,I-SOCIAL_SUPPORT
103,primary,I-SOCIAL_SUPPORT
103,care,I-SOCIAL_SUPPORT
103,physician,I-SOCIAL_SUPPORT
103,,I-SOCIAL_SUPPORT
103,,I-SOCIAL_SUPPORT
103,physician,I-SOCIAL_SUPPORT
103,,I-SOCIAL_SUPPORT
103,consulting,I-SOCIAL_SUPPORT
103,or,I-SOCIAL_SUPPORT
103,referring,I-SOCIAL_SUPPORT
103,,I-SOCIAL_SUPPORT
103,,I-SOCIAL_SUPPORT
103,,I-SOCIAL_SUPPORT
103,pharmacy,I-SOCIAL_SUPPORT
103,,I-SOCIAL_SUPPORT
103,,I-SOCIAL_SUPPORT
103,other,I-SOCIAL_SUPPORT
103,,I-SOCIAL_SUPPORT
103,name,I-SOCIAL_SUPPORT
103,of,I-SOCIAL_SUPPORT
104,n,B-SOCIAL_SUPPORT
104,,I-SOCIAL_SUPPORT
104,recommendations,I-SOCIAL_SUPPORT
104,,I-SOCIAL_SUPPORT
104,patient,I-SOCIAL_SUPPORT
104,and,I-SOCIAL_SUPPORT
104,family,I-SOCIAL_SUPPORT
104,verbalize,I-SOCIAL_SUPPORT
104,understanding?,I-SOCIAL_SUPPORT
105,n,B-SOCIAL_SUPPORT
105,,I-SOCIAL_SUPPORT
105,does,I-SOCIAL_SUPPORT
105,patient,I-SOCIAL_SUPPORT
105,and,I-SOCIAL_SUPPORT
105,family,I-SOCIAL_SUPPORT
105,agree,I-SOCIAL_SUPPORT
105,with,I-SOCIAL_SUPPORT
105,plan?,I-SOCIAL_SUPPORT
106,patient,B-SOCIAL_SUPPORT
106,and,I-SOCIAL_SUPPORT
106,family,I-SOCIAL_SUPPORT
106,instructed,I-SOCIAL_SUPPORT
106,to,I-SOCIAL_SUPPORT
107,test,B-SOCIAL_SUPPORT
107,results,I-SOCIAL_SUPPORT
107,given,I-SOCIAL_SUPPORT
107,to,I-SOCIAL_SUPPORT
107,patient,I-SOCIAL_SUPPORT
107,or,I-SOCIAL_SUPPORT
107,family,I-SOCIAL_SUPPORT
107,member,I-SOCIAL_SUPPORT
107,,I-SOCIAL_SUPPORT
107,,I-SOCIAL_SUPPORT
107,patient,I-SOCIAL_SUPPORT
107,or,I-SOCIAL_SUPPORT
107,family,I-SOCIAL_SUPPORT
107,member,I-SOCIAL_SUPPORT
107,assisted,I-SOCIAL_SUPPORT
107,with,I-SOCIAL_SUPPORT
108,,B-SOCIAL_SUPPORT
108,family,I-SOCIAL_SUPPORT
108,member,I-SOCIAL_SUPPORT
108,,I-SOCIAL_SUPPORT
108,,I-SOCIAL_SUPPORT
108,primary,I-SOCIAL_SUPPORT
108,care,I-SOCIAL_SUPPORT
108,physician,I-SOCIAL_SUPPORT
108,,I-SOCIAL_SUPPORT
109,n,B-SOCIAL_SUPPORT
109,,I-SOCIAL_SUPPORT
109,y,I-SOCIAL_SUPPORT
109,recommendations,I-SOCIAL_SUPPORT
109,,I-SOCIAL_SUPPORT
109,patient,I-SOCIAL_SUPPORT
109,and,I-SOCIAL_SUPPORT
109,family,I-SOCIAL_SUPPORT
109,verbalize,I-SOCIAL_SUPPORT
109,understanding?,I-SOCIAL_SUPPORT
110,n,B-SOCIAL_SUPPORT
110,,I-SOCIAL_SUPPORT
110,y,I-SOCIAL_SUPPORT
110,does,I-SOCIAL_SUPPORT
110,patient,I-SOCIAL_SUPPORT
110,and,I-SOCIAL_SUPPORT
110,family,I-SOCIAL_SUPPORT
110,agree,I-SOCIAL_SUPPORT
110,with,I-SOCIAL_SUPPORT
110,plan?,I-SOCIAL_SUPPORT
111,patient,B-SOCIAL_SUPPORT
111,and,I-SOCIAL_SUPPORT
111,family,I-SOCIAL_SUPPORT
111,instructed,I-SOCIAL_SUPPORT
111,to,I-SOCIAL_SUPPORT
112,,B-SOCIAL_SUPPORT
112,,I-SOCIAL_SUPPORT
112,lab,I-SOCIAL_SUPPORT
112,or,I-SOCIAL_SUPPORT
112,other,I-SOCIAL_SUPPORT
112,test,I-SOCIAL_SUPPORT
112,results,I-SOCIAL_SUPPORT
112,given,I-SOCIAL_SUPPORT
112,to,I-SOCIAL_SUPPORT
112,patient,I-SOCIAL_SUPPORT
112,or,I-SOCIAL_SUPPORT
112,family,I-SOCIAL_SUPPORT
112,member,I-SOCIAL_SUPPORT
112,,I-SOCIAL_SUPPORT
112,,I-SOCIAL_SUPPORT
112,patient,I-SOCIAL_SUPPORT
112,or,I-SOCIAL_SUPPORT
112,family,I-SOCIAL_SUPPORT
112,member,I-SOCIAL_SUPPORT
112,assisted,I-SOCIAL_SUPPORT
112,with,I-SOCIAL_SUPPORT
112,scheduling,I-SOCIAL_SUPPORT
112,change,I-SOCIAL_SUPPORT
112,,I-SOCIAL_SUPPORT
112,,I-SOCIAL_SUPPORT
113,,B-SOCIAL_SUPPORT
113,,I-SOCIAL_SUPPORT
113,family,I-SOCIAL_SUPPORT
113,member,I-SOCIAL_SUPPORT
113,,I-SOCIAL_SUPPORT
113,,I-SOCIAL_SUPPORT
113,primary,I-SOCIAL_SUPPORT
113,care,I-SOCIAL_SUPPORT
113,physician,I-SOCIAL_SUPPORT
113,,I-SOCIAL_SUPPORT
113,,I-SOCIAL_SUPPORT
113,physician,I-SOCIAL_SUPPORT
113,,I-SOCIAL_SUPPORT
113,consulting,I-SOCIAL_SUPPORT
113,or,I-SOCIAL_SUPPORT
113,referring,I-SOCIAL_SUPPORT
113,,I-SOCIAL_SUPPORT
113,,I-SOCIAL_SUPPORT
113,,I-SOCIAL_SUPPORT
113,pharmacy,I-SOCIAL_SUPPORT
113,,I-SOCIAL_SUPPORT
113,,I-SOCIAL_SUPPORT
113,other,I-SOCIAL_SUPPORT
113,,I-SOCIAL_SUPPORT
114,n,B-SOCIAL_SUPPORT
114,,I-SOCIAL_SUPPORT
114,recommendations,I-SOCIAL_SUPPORT
114,,I-SOCIAL_SUPPORT
114,patient,I-SOCIAL_SUPPORT
114,and,I-SOCIAL_SUPPORT
114,family,I-SOCIAL_SUPPORT
114,verbalize,I-SOCIAL_SUPPORT
114,understanding?,I-SOCIAL_SUPPORT
115,n,B-SOCIAL_SUPPORT
115,,I-SOCIAL_SUPPORT
115,does,I-SOCIAL_SUPPORT
115,patient,I-SOCIAL_SUPPORT
115,and,I-SOCIAL_SUPPORT
115,family,I-SOCIAL_SUPPORT
115,agree,I-SOCIAL_SUPPORT
115,with,I-SOCIAL_SUPPORT
115,plan?,I-SOCIAL_SUPPORT
116,patient,B-SOCIAL_SUPPORT
116,and,I-SOCIAL_SUPPORT
116,family,I-SOCIAL_SUPPORT
116,instructed,I-SOCIAL_SUPPORT
116,to,I-SOCIAL_SUPPORT
117,test,B-SOCIAL_SUPPORT
117,results,I-SOCIAL_SUPPORT
117,given,I-SOCIAL_SUPPORT
117,to,I-SOCIAL_SUPPORT
117,patient,I-SOCIAL_SUPPORT
117,or,I-SOCIAL_SUPPORT
117,family,I-SOCIAL_SUPPORT
117,member,I-SOCIAL_SUPPORT
117,,I-SOCIAL_SUPPORT
117,,I-SOCIAL_SUPPORT
117,patient,I-SOCIAL_SUPPORT
117,or,I-SOCIAL_SUPPORT
117,family,I-SOCIAL_SUPPORT
117,member,I-SOCIAL_SUPPORT
117,assisted,I-SOCIAL_SUPPORT
117,with,I-SOCIAL_SUPPORT
118,,B-SOCIAL_SUPPORT
118,,I-SOCIAL_SUPPORT
118,family,I-SOCIAL_SUPPORT
118,member,I-SOCIAL_SUPPORT
118,,I-SOCIAL_SUPPORT
118,,I-SOCIAL_SUPPORT
118,primary,I-SOCIAL_SUPPORT
118,care,I-SOCIAL_SUPPORT
118,physician,I-SOCIAL_SUPPORT
118,,I-SOCIAL_SUPPORT
118,,I-SOCIAL_SUPPORT
118,physician,I-SOCIAL_SUPPORT
118,,I-SOCIAL_SUPPORT
118,consulting,I-SOCIAL_SUPPORT
118,or,I-SOCIAL_SUPPORT
118,referring,I-SOCIAL_SUPPORT
118,,I-SOCIAL_SUPPORT
118,,I-SOCIAL_SUPPORT
118,,I-SOCIAL_SUPPORT
118,pharmacy,I-SOCIAL_SUPPORT
118,,I-SOCIAL_SUPPORT
118,,I-SOCIAL_SUPPORT
118,other,I-SOCIAL_SUPPORT
118,,I-SOCIAL_SUPPORT
119,income,B-EMPLOYMENT
120,who,B-SOCIAL_SUPPORT
120,is,I-SOCIAL_SUPPORT
120,not,I-SOCIAL_SUPPORT
120,a,I-SOCIAL_SUPPORT
120,family,I-SOCIAL_SUPPORT
120,member,I-SOCIAL_SUPPORT
121,n,B-SOCIAL_SUPPORT
121,,I-SOCIAL_SUPPORT
121,recommendations,I-SOCIAL_SUPPORT
121,,I-SOCIAL_SUPPORT
121,patient,I-SOCIAL_SUPPORT
121,and,I-SOCIAL_SUPPORT
121,family,I-SOCIAL_SUPPORT
121,verbalize,I-SOCIAL_SUPPORT
121,understanding?,I-SOCIAL_SUPPORT
122,n,B-SOCIAL_SUPPORT
122,,I-SOCIAL_SUPPORT
122,y,I-SOCIAL_SUPPORT
122,does,I-SOCIAL_SUPPORT
122,patient,I-SOCIAL_SUPPORT
122,and,I-SOCIAL_SUPPORT
122,family,I-SOCIAL_SUPPORT
122,agree,I-SOCIAL_SUPPORT
122,with,I-SOCIAL_SUPPORT
122,plan?,I-SOCIAL_SUPPORT
123,patient,B-SOCIAL_SUPPORT
123,and,I-SOCIAL_SUPPORT
123,family,I-SOCIAL_SUPPORT
123,instructed,I-SOCIAL_SUPPORT
123,to,I-SOCIAL_SUPPORT
124,test,B-SOCIAL_SUPPORT
124,results,I-SOCIAL_SUPPORT
124,given,I-SOCIAL_SUPPORT
124,to,I-SOCIAL_SUPPORT
124,patient,I-SOCIAL_SUPPORT
124,or,I-SOCIAL_SUPPORT
124,family,I-SOCIAL_SUPPORT
124,member,I-SOCIAL_SUPPORT
124,,I-SOCIAL_SUPPORT
124,,I-SOCIAL_SUPPORT
124,patient,I-SOCIAL_SUPPORT
124,or,I-SOCIAL_SUPPORT
124,family,I-SOCIAL_SUPPORT
124,member,I-SOCIAL_SUPPORT
124,assisted,I-SOCIAL_SUPPORT
124,with,I-SOCIAL_SUPPORT
125,,B-SMOKING
125,"cigarettes,",I-SMOKING
125,no,I-SMOKING
126,drug,B-SMOKING
126,"use,",I-SMOKING
126,stopped,I-SMOKING
126,smoking,I-SMOKING
126,,I-SMOKING
126,date,I-SMOKING
126,",",I-SMOKING
126,and,I-SMOKING
127,,B-SOCIAL_SUPPORT
127,supportive,I-SOCIAL_SUPPORT
127,family,I-SOCIAL_SUPPORT
128,drink,B-ALCOHOL_USE
128,alcohol,I-ALCOHOL_USE
129,easily,B-ALCOHOL_USE
129,a,I-ALCOHOL_USE
129,six,I-ALCOHOL_USE
129,pack,I-ALCOHOL_USE
129,or,I-ALCOHOL_USE
129,better,I-ALCOHOL_USE
129,a,I-ALCOHOL_USE
129,day,I-ALCOHOL_USE
129,on,I-ALCOHOL_USE
129,weekends,I-ALCOHOL_USE
129,and,I-ALCOHOL_USE
129,five,I-ALCOHOL_USE
129,to,I-ALCOHOL_USE
129,six,I-ALCOHOL_USE
129,shots,I-ALCOHOL_USE
129,of,I-ALCOHOL_USE
129,alcohol,I-ALCOHOL_USE
130,",",B-MENTAL_HEALTH
130,"depression,",I-MENTAL_HEALTH
131,,B-SMOKING
131,"cigarettes,",I-SMOKING
131,no,I-SMOKING
132,drug,B-SMOKING
132,"use,",I-SMOKING
132,stopped,I-SMOKING
132,smoking,I-SMOKING
132,,I-SMOKING
132,date,I-SMOKING
132,",",I-SMOKING
132,and,I-SMOKING
133,,B-SOCIAL_SUPPORT
133,supportive,I-SOCIAL_SUPPORT
133,family,I-SOCIAL_SUPPORT
134,drink,B-ALCOHOL_USE
134,alcohol,I-ALCOHOL_USE
135,easily,B-ALCOHOL_USE
135,a,I-ALCOHOL_USE
135,six,I-ALCOHOL_USE
135,pack,I-ALCOHOL_USE
135,or,I-ALCOHOL_USE
135,better,I-ALCOHOL_USE
135,a,I-ALCOHOL_USE
135,day,I-ALCOHOL_USE
135,on,I-ALCOHOL_USE
135,weekends,I-ALCOHOL_USE
135,and,I-ALCOHOL_USE
135,five,I-ALCOHOL_USE
135,to,I-ALCOHOL_USE
135,six,I-ALCOHOL_USE
135,shots,I-ALCOHOL_USE
135,of,I-ALCOHOL_USE
135,alcohol,I-ALCOHOL_USE
136,",",B-MENTAL_HEALTH
136,"depression,",I-MENTAL_HEALTH
137,quit,B-SMOKING
137,smoking,I-SMOKING
137,17,I-SMOKING
137,years,I-SMOKING
137,ago,I-SMOKING
137,but,I-SMOKING
137,had,I-SMOKING
137,smoked,I-SMOKING
137,1.,I-SMOKING
137,0,I-SMOKING
137,pack,I-SMOKING
137,,I-SMOKING
137,day,I-SMOKING
137,for,I-SMOKING
137,20,I-SMOKING
137,years,I-SMOKING
138,he,B-ALCOHOL_USE
138,has,I-ALCOHOL_USE
138,no,I-ALCOHOL_USE
138,history,I-ALCOHOL_USE
138,of,I-ALCOHOL_USE
138,drinking,I-ALCOHOL_USE
139,he,B-SMOKING
139,has,I-SMOKING
139,indicated,I-SMOKING
139,exposure,I-SMOKING
139,to,I-SMOKING
139,the,I-SMOKING
139,following,I-SMOKING
139,products,I-SMOKING
139,,I-SMOKING
139,cigarettes.,I-SMOKING
140,,B-SOCIAL_SUPPORT
140,lives,I-SOCIAL_SUPPORT
140,alone.,I-SOCIAL_SUPPORT
141,family,B-SOCIAL_SUPPORT
141,history,I-SOCIAL_SUPPORT
142,"depression,",B-MENTAL_HEALTH
143,no,B-SMOKING
143,,I-SMOKING
143,smoking,I-SMOKING
143,,I-SMOKING
143,5,I-SMOKING
143,,I-SMOKING
144,quit,B-SMOKING
144,smoking,I-SMOKING
144,17,I-SMOKING
144,years,I-SMOKING
144,ago,I-SMOKING
144,but,I-SMOKING
144,had,I-SMOKING
144,smoked,I-SMOKING
144,1.,I-SMOKING
144,0,I-SMOKING
144,pack,I-SMOKING
144,,I-SMOKING
144,day,I-SMOKING
144,for,I-SMOKING
144,20,I-SMOKING
144,years,I-SMOKING
145,he,B-ALCOHOL_USE
145,has,I-ALCOHOL_USE
145,no,I-ALCOHOL_USE
145,history,I-ALCOHOL_USE
145,of,I-ALCOHOL_USE
145,drinking,I-ALCOHOL_USE
146,he,B-SMOKING
146,has,I-SMOKING
146,indicated,I-SMOKING
146,exposure,I-SMOKING
146,to,I-SMOKING
146,the,I-SMOKING
146,following,I-SMOKING
146,products,I-SMOKING
146,,I-SMOKING
146,cigarettes.,I-SMOKING
147,,B-SOCIAL_SUPPORT
147,lives,I-SOCIAL_SUPPORT
147,alone.,I-SOCIAL_SUPPORT
148,no,B-SMOKING
148,,I-SMOKING
148,smoking,I-SMOKING
148,,I-SMOKING
148,5,I-SMOKING
148,,I-SMOKING
148,performance,I-SMOKING
148,status,I-SMOKING
148,,I-SMOKING
148,0,I-SMOKING
148,-,I-SMOKING
148,fully,I-SMOKING
148,active,I-SMOKING
149,quit,B-SMOKING
149,smoking,I-SMOKING
149,17,I-SMOKING
149,years,I-SMOKING
149,ago,I-SMOKING
149,but,I-SMOKING
149,had,I-SMOKING
149,smoked,I-SMOKING
149,1.,I-SMOKING
149,0,I-SMOKING
149,pack,I-SMOKING
149,,I-SMOKING
149,day,I-SMOKING
149,for,I-SMOKING
149,20,I-SMOKING
149,years,I-SMOKING
150,he,B-ALCOHOL_USE
150,has,I-ALCOHOL_USE
150,no,I-ALCOHOL_USE
150,history,I-ALCOHOL_USE
150,of,I-ALCOHOL_USE
150,drinking,I-ALCOHOL_USE
151,he,B-SMOKING
151,has,I-SMOKING
151,indicated,I-SMOKING
151,exposure,I-SMOKING
151,to,I-SMOKING
151,the,I-SMOKING
151,following,I-SMOKING
151,products,I-SMOKING
151,,I-SMOKING
151,cigarettes.,I-SMOKING
152,,B-SOCIAL_SUPPORT
152,lives,I-SOCIAL_SUPPORT
152,alone.,I-SOCIAL_SUPPORT
153,",",B-MENTAL_HEALTH
153,"depression,",I-MENTAL_HEALTH
154,o2,B-SMOKING
154,sat,I-SMOKING
154,,I-SMOKING
154,,I-SMOKING
154,95,I-SMOKING
154,,I-SMOKING
154,,I-SMOKING
154,fall,I-SMOKING
154,risk,I-SMOKING
154,,I-SMOKING
154,no,I-SMOKING
154,,I-SMOKING
154,smoking,I-SMOKING
154,,I-SMOKING
154,5,I-SMOKING
154,,I-SMOKING
154,performance,I-SMOKING
154,status,I-SMOKING
154,,I-SMOKING
154,0,I-SMOKING
154,-,I-SMOKING
154,fully,I-SMOKING
154,"active,",I-SMOKING
154,able,I-SMOKING
154,to,I-SMOKING
154,carry,I-SMOKING
154,on,I-SMOKING
154,all,I-SMOKING
154,predise,I-SMOKING
155,new,B-MENTAL_HEALTH
155,patient,I-MENTAL_HEALTH
155,assessment,I-MENTAL_HEALTH
155,distress,I-MENTAL_HEALTH
155,screen.,I-MENTAL_HEALTH
155,pdf,I-MENTAL_HEALTH
156,quit,B-SMOKING
156,smoking,I-SMOKING
156,17,I-SMOKING
156,years,I-SMOKING
156,ago,I-SMOKING
156,but,I-SMOKING
156,had,I-SMOKING
156,smoked,I-SMOKING
156,1.,I-SMOKING
156,0,I-SMOKING
156,pack,I-SMOKING
156,,I-SMOKING
156,day,I-SMOKING
156,for,I-SMOKING
156,20,I-SMOKING
156,years,I-SMOKING
157,he,B-ALCOHOL_USE
157,has,I-ALCOHOL_USE
157,no,I-ALCOHOL_USE
157,history,I-ALCOHOL_USE
157,of,I-ALCOHOL_USE
157,drinking,I-ALCOHOL_USE
158,he,B-SMOKING
158,has,I-SMOKING
158,indicated,I-SMOKING
158,exposure,I-SMOKING
158,to,I-SMOKING
158,the,I-SMOKING
158,following,I-SMOKING
158,products,I-SMOKING
158,,I-SMOKING
158,cigarettes.,I-SMOKING
159,,B-SOCIAL_SUPPORT
159,lives,I-SOCIAL_SUPPORT
159,alone.,I-SOCIAL_SUPPORT
160,depression,B-MENTAL_HEALTH
161,no,B-SMOKING
161,,I-SMOKING
161,smoking,I-SMOKING
161,,I-SMOKING
161,5,I-SMOKING
161,,I-SMOKING
162,quit,B-SMOKING
162,smoking,I-SMOKING
162,17,I-SMOKING
162,years,I-SMOKING
162,ago,I-SMOKING
162,but,I-SMOKING
162,had,I-SMOKING
162,smoked,I-SMOKING
162,1.,I-SMOKING
162,0,I-SMOKING
162,pack,I-SMOKING
162,,I-SMOKING
162,day,I-SMOKING
162,for,I-SMOKING
162,20,I-SMOKING
162,years,I-SMOKING
163,he,B-ALCOHOL_USE
163,has,I-ALCOHOL_USE
163,no,I-ALCOHOL_USE
163,history,I-ALCOHOL_USE
163,of,I-ALCOHOL_USE
163,drinking,I-ALCOHOL_USE
164,he,B-SMOKING
164,has,I-SMOKING
164,indicated,I-SMOKING
164,exposure,I-SMOKING
164,to,I-SMOKING
164,the,I-SMOKING
164,following,I-SMOKING
164,products,I-SMOKING
164,,I-SMOKING
164,cigarettes.,I-SMOKING
165,,B-SOCIAL_SUPPORT
165,lives,I-SOCIAL_SUPPORT
165,alone.,I-SOCIAL_SUPPORT
166,",",B-MENTAL_HEALTH
166,"depression,",I-MENTAL_HEALTH
167,no,B-SMOKING
167,,I-SMOKING
167,smoking,I-SMOKING
167,,I-SMOKING
167,5,I-SMOKING
167,,I-SMOKING
168,quit,B-SMOKING
168,smoking,I-SMOKING
168,17,I-SMOKING
168,years,I-SMOKING
168,ago,I-SMOKING
168,but,I-SMOKING
168,had,I-SMOKING
168,smoked,I-SMOKING
168,1.,I-SMOKING
168,0,I-SMOKING
168,pack,I-SMOKING
168,,I-SMOKING
168,day,I-SMOKING
168,for,I-SMOKING
168,20,I-SMOKING
168,years,I-SMOKING
169,he,B-ALCOHOL_USE
169,has,I-ALCOHOL_USE
169,no,I-ALCOHOL_USE
169,history,I-ALCOHOL_USE
169,of,I-ALCOHOL_USE
169,drinking,I-ALCOHOL_USE
170,he,B-SMOKING
170,has,I-SMOKING
170,indicated,I-SMOKING
170,exposure,I-SMOKING
170,to,I-SMOKING
170,the,I-SMOKING
170,following,I-SMOKING
170,products,I-SMOKING
170,,I-SMOKING
170,cigarettes.,I-SMOKING
171,,B-SOCIAL_SUPPORT
171,lives,I-SOCIAL_SUPPORT
171,alone.,I-SOCIAL_SUPPORT
172,",",B-MENTAL_HEALTH
172,"depression,",I-MENTAL_HEALTH
173,,B-SMOKING
173,smoking,I-SMOKING
173,,I-SMOKING
173,5,I-SMOKING
173,,I-SMOKING
174,quit,B-SMOKING
174,smoking,I-SMOKING
174,17,I-SMOKING
174,years,I-SMOKING
174,ago,I-SMOKING
174,but,I-SMOKING
174,had,I-SMOKING
174,smoked,I-SMOKING
174,1.,I-SMOKING
174,0,I-SMOKING
174,pack,I-SMOKING
174,,I-SMOKING
174,day,I-SMOKING
174,for,I-SMOKING
174,20,I-SMOKING
174,years,I-SMOKING
175,he,B-ALCOHOL_USE
175,has,I-ALCOHOL_USE
175,no,I-ALCOHOL_USE
175,history,I-ALCOHOL_USE
175,of,I-ALCOHOL_USE
175,drinking,I-ALCOHOL_USE
176,he,B-SMOKING
176,has,I-SMOKING
176,indicated,I-SMOKING
176,exposure,I-SMOKING
176,to,I-SMOKING
176,the,I-SMOKING
176,following,I-SMOKING
176,products,I-SMOKING
176,,I-SMOKING
176,cigarettes.,I-SMOKING
177,,B-SOCIAL_SUPPORT
177,lives,I-SOCIAL_SUPPORT
177,alone.,I-SOCIAL_SUPPORT
178,total,B-SOCIAL_SUPPORT
178,time,I-SOCIAL_SUPPORT
178,spent,I-SOCIAL_SUPPORT
178,with,I-SOCIAL_SUPPORT
178,patient,I-SOCIAL_SUPPORT
178,and,I-SOCIAL_SUPPORT
178,,I-SOCIAL_SUPPORT
178,or,I-SOCIAL_SUPPORT
178,family,I-SOCIAL_SUPPORT
179,quit,B-SMOKING
179,smoking,I-SMOKING
179,17,I-SMOKING
179,years,I-SMOKING
179,ago,I-SMOKING
179,but,I-SMOKING
179,had,I-SMOKING
179,smoked,I-SMOKING
179,1.,I-SMOKING
179,0,I-SMOKING
179,pack,I-SMOKING
179,,I-SMOKING
179,day,I-SMOKING
179,for,I-SMOKING
179,20,I-SMOKING
179,years,I-SMOKING
180,he,B-ALCOHOL_USE
180,has,I-ALCOHOL_USE
180,no,I-ALCOHOL_USE
180,history,I-ALCOHOL_USE
180,of,I-ALCOHOL_USE
180,drinking,I-ALCOHOL_USE
181,he,B-SMOKING
181,has,I-SMOKING
181,indicated,I-SMOKING
181,exposure,I-SMOKING
181,to,I-SMOKING
181,the,I-SMOKING
181,following,I-SMOKING
181,products,I-SMOKING
181,,I-SMOKING
181,cigarettes.,I-SMOKING
182,,B-SOCIAL_SUPPORT
182,lives,I-SOCIAL_SUPPORT
182,alone.,I-SOCIAL_SUPPORT
183,",",B-MENTAL_HEALTH
183,"depression,",I-MENTAL_HEALTH
184,no,B-SMOKING
184,,I-SMOKING
184,smoking,I-SMOKING
184,,I-SMOKING
184,5,I-SMOKING
184,,I-SMOKING
184,performance,I-SMOKING
184,status,I-SMOKING
184,,I-SMOKING
184,0,I-SMOKING
184,-,I-SMOKING
184,fully,I-SMOKING
184,"active,",I-SMOKING
184,able,I-SMOKING
184,to,I-SMOKING
184,carry,I-SMOKING
184,on,I-SMOKING
184,all,I-SMOKING
184,predisease,I-SMOKING
184,activities,I-SMOKING
184,without,I-SMOKING
184,restrictions,I-SMOKING
185,quit,B-SMOKING
185,smoking,I-SMOKING
185,17,I-SMOKING
185,years,I-SMOKING
185,ago,I-SMOKING
185,but,I-SMOKING
185,had,I-SMOKING
185,smoked,I-SMOKING
185,1.,I-SMOKING
185,0,I-SMOKING
185,pack,I-SMOKING
185,,I-SMOKING
185,day,I-SMOKING
185,for,I-SMOKING
185,20,I-SMOKING
185,years,I-SMOKING
186,he,B-ALCOHOL_USE
186,has,I-ALCOHOL_USE
186,no,I-ALCOHOL_USE
186,history,I-ALCOHOL_USE
186,of,I-ALCOHOL_USE
186,drinking,I-ALCOHOL_USE
187,he,B-SMOKING
187,has,I-SMOKING
187,indicated,I-SMOKING
187,exposure,I-SMOKING
187,to,I-SMOKING
187,the,I-SMOKING
187,following,I-SMOKING
187,products,I-SMOKING
187,,I-SMOKING
187,cigarettes.,I-SMOKING
188,,B-SOCIAL_SUPPORT
188,lives,I-SOCIAL_SUPPORT
188,alone.,I-SOCIAL_SUPPORT
189,",",B-MENTAL_HEALTH
189,"depression,",I-MENTAL_HEALTH
190,,B-SMOKING
190,smoking,I-SMOKING
190,,I-SMOKING
190,5,I-SMOKING
190,,I-SMOKING
191,quit,B-SMOKING
191,smoking,I-SMOKING
191,17,I-SMOKING
191,years,I-SMOKING
191,ago,I-SMOKING
191,but,I-SMOKING
191,had,I-SMOKING
191,smoked,I-SMOKING
191,1.,I-SMOKING
191,0,I-SMOKING
191,pack,I-SMOKING
191,,I-SMOKING
191,day,I-SMOKING
191,for,I-SMOKING
191,20,I-SMOKING
191,years,I-SMOKING
192,he,B-ALCOHOL_USE
192,has,I-ALCOHOL_USE
192,no,I-ALCOHOL_USE
192,history,I-ALCOHOL_USE
192,of,I-ALCOHOL_USE
192,drinking,I-ALCOHOL_USE
193,he,B-SMOKING
193,has,I-SMOKING
193,indicated,I-SMOKING
193,exposure,I-SMOKING
193,to,I-SMOKING
193,the,I-SMOKING
193,following,I-SMOKING
193,products,I-SMOKING
193,,I-SMOKING
193,cigarettes.,I-SMOKING
194,,B-SOCIAL_SUPPORT
194,lives,I-SOCIAL_SUPPORT
194,alone.,I-SOCIAL_SUPPORT
195,",",B-MENTAL_HEALTH
195,"depression,",I-MENTAL_HEALTH
196,quit,B-SMOKING
196,smoking,I-SMOKING
196,17,I-SMOKING
196,years,I-SMOKING
196,ago,I-SMOKING
196,but,I-SMOKING
196,had,I-SMOKING
196,smoked,I-SMOKING
196,1.,I-SMOKING
196,0,I-SMOKING
196,pack,I-SMOKING
196,,I-SMOKING
196,day,I-SMOKING
196,for,I-SMOKING
196,20,I-SMOKING
196,years,I-SMOKING
197,he,B-ALCOHOL_USE
197,has,I-ALCOHOL_USE
197,no,I-ALCOHOL_USE
197,history,I-ALCOHOL_USE
197,of,I-ALCOHOL_USE
197,drinking,I-ALCOHOL_USE
198,he,B-SMOKING
198,has,I-SMOKING
198,indicated,I-SMOKING
198,exposure,I-SMOKING
198,to,I-SMOKING
198,the,I-SMOKING
198,following,I-SMOKING
198,products,I-SMOKING
198,,I-SMOKING
198,cigarettes.,I-SMOKING
199,,B-SOCIAL_SUPPORT
199,lives,I-SOCIAL_SUPPORT
199,alone.,I-SOCIAL_SUPPORT
200,quit,B-SMOKING
200,smoking,I-SMOKING
200,17,I-SMOKING
200,years,I-SMOKING
200,ago,I-SMOKING
200,but,I-SMOKING
200,had,I-SMOKING
200,smoked,I-SMOKING
200,1.,I-SMOKING
200,0,I-SMOKING
200,pack,I-SMOKING
200,,I-SMOKING
200,day,I-SMOKING
200,for,I-SMOKING
200,20,I-SMOKING
200,years,I-SMOKING
201,he,B-ALCOHOL_USE
201,has,I-ALCOHOL_USE
201,no,I-ALCOHOL_USE
201,history,I-ALCOHOL_USE
201,of,I-ALCOHOL_USE
201,drinking,I-ALCOHOL_USE
202,he,B-SMOKING
202,has,I-SMOKING
202,indicated,I-SMOKING
202,exposure,I-SMOKING
202,to,I-SMOKING
202,the,I-SMOKING
202,following,I-SMOKING
202,products,I-SMOKING
202,,I-SMOKING
202,cigarettes.,I-SMOKING
203,,B-SOCIAL_SUPPORT
203,lives,I-SOCIAL_SUPPORT
203,alone.,I-SOCIAL_SUPPORT
204,total,B-SOCIAL_SUPPORT
204,time,I-SOCIAL_SUPPORT
204,spent,I-SOCIAL_SUPPORT
204,with,I-SOCIAL_SUPPORT
204,patient,I-SOCIAL_SUPPORT
204,and,I-SOCIAL_SUPPORT
204,,I-SOCIAL_SUPPORT
204,or,I-SOCIAL_SUPPORT
204,family,I-SOCIAL_SUPPORT
204,15minutes.,I-SOCIAL_SUPPORT
205,quit,B-SMOKING
205,smoking,I-SMOKING
205,17,I-SMOKING
205,years,I-SMOKING
205,ago,I-SMOKING
205,but,I-SMOKING
205,had,I-SMOKING
205,smoked,I-SMOKING
205,1.,I-SMOKING
205,0,I-SMOKING
205,pack,I-SMOKING
205,,I-SMOKING
205,day,I-SMOKING
205,for,I-SMOKING
205,20,I-SMOKING
205,years,I-SMOKING
206,he,B-ALCOHOL_USE
206,has,I-ALCOHOL_USE
206,no,I-ALCOHOL_USE
206,history,I-ALCOHOL_USE
206,of,I-ALCOHOL_USE
206,drinking,I-ALCOHOL_USE
207,he,B-SMOKING
207,has,I-SMOKING
207,indicated,I-SMOKING
207,exposure,I-SMOKING
207,to,I-SMOKING
207,the,I-SMOKING
207,following,I-SMOKING
207,products,I-SMOKING
207,,I-SMOKING
207,cigarettes.,I-SMOKING
208,,B-SOCIAL_SUPPORT
208,lives,I-SOCIAL_SUPPORT
208,alone.,I-SOCIAL_SUPPORT
209,quit,B-SMOKING
209,smoking,I-SMOKING
209,17,I-SMOKING
209,years,I-SMOKING
209,ago,I-SMOKING
209,but,I-SMOKING
209,had,I-SMOKING
209,smoked,I-SMOKING
209,1.,I-SMOKING
209,0,I-SMOKING
209,pack,I-SMOKING
209,,I-SMOKING
209,day,I-SMOKING
209,for,I-SMOKING
209,20,I-SMOKING
209,years,I-SMOKING
210,he,B-ALCOHOL_USE
210,has,I-ALCOHOL_USE
210,no,I-ALCOHOL_USE
210,history,I-ALCOHOL_USE
210,of,I-ALCOHOL_USE
210,drinking,I-ALCOHOL_USE
211,he,B-SMOKING
211,has,I-SMOKING
211,indicated,I-SMOKING
211,exposure,I-SMOKING
211,to,I-SMOKING
211,the,I-SMOKING
211,following,I-SMOKING
211,products,I-SMOKING
211,,I-SMOKING
211,cigarettes.,I-SMOKING
212,,B-SOCIAL_SUPPORT
212,lives,I-SOCIAL_SUPPORT
212,alone.,I-SOCIAL_SUPPORT
213,",",B-MENTAL_HEALTH
213,"depression,",I-MENTAL_HEALTH
214,quit,B-SMOKING
214,smoking,I-SMOKING
214,17,I-SMOKING
214,years,I-SMOKING
214,ago,I-SMOKING
214,but,I-SMOKING
214,had,I-SMOKING
214,smoked,I-SMOKING
214,1.,I-SMOKING
214,0,I-SMOKING
214,pack,I-SMOKING
214,,I-SMOKING
214,day,I-SMOKING
214,for,I-SMOKING
214,20,I-SMOKING
214,years,I-SMOKING
215,he,B-ALCOHOL_USE
215,has,I-ALCOHOL_USE
215,no,I-ALCOHOL_USE
215,history,I-ALCOHOL_USE
215,of,I-ALCOHOL_USE
215,drinking,I-ALCOHOL_USE
216,he,B-SMOKING
216,has,I-SMOKING
216,indicated,I-SMOKING
216,exposure,I-SMOKING
216,to,I-SMOKING
216,the,I-SMOKING
216,following,I-SMOKING
216,products,I-SMOKING
216,,I-SMOKING
216,cigarettes.,I-SMOKING
217,,B-SOCIAL_SUPPORT
217,lives,I-SOCIAL_SUPPORT
217,alone.,I-SOCIAL_SUPPORT
218,0,B-SMOKING
218,,I-SMOKING
218,smoking,I-SMOKING
218,,I-SMOKING
218,0,I-SMOKING
218,,I-SMOKING
218,performed,I-SMOKING
218,on,I-SMOKING
218,,I-SMOKING
218,date,I-SMOKING
219,quit,B-SMOKING
219,smoking,I-SMOKING
219,17,I-SMOKING
219,years,I-SMOKING
219,ago,I-SMOKING
219,but,I-SMOKING
219,had,I-SMOKING
219,smoked,I-SMOKING
219,1.,I-SMOKING
219,0,I-SMOKING
219,pack,I-SMOKING
219,,I-SMOKING
219,day,I-SMOKING
219,for,I-SMOKING
219,20,I-SMOKING
219,years,I-SMOKING
220,he,B-ALCOHOL_USE
220,has,I-ALCOHOL_USE
220,no,I-ALCOHOL_USE
220,history,I-ALCOHOL_USE
220,of,I-ALCOHOL_USE
220,drinking,I-ALCOHOL_USE
221,he,B-SMOKING
221,has,I-SMOKING
221,indicated,I-SMOKING
221,exposure,I-SMOKING
221,to,I-SMOKING
221,the,I-SMOKING
221,following,I-SMOKING
221,products,I-SMOKING
221,,I-SMOKING
221,cigarettes.,I-SMOKING
222,,B-SOCIAL_SUPPORT
222,lives,I-SOCIAL_SUPPORT
222,alone.,I-SOCIAL_SUPPORT
223,depression,B-MENTAL_HEALTH
224,no,B-SMOKING
224,,I-SMOKING
224,smoking,I-SMOKING
224,,I-SMOKING
224,5,I-SMOKING
224,,I-SMOKING
225,quit,B-SMOKING
225,smoking,I-SMOKING
225,17,I-SMOKING
225,years,I-SMOKING
225,ago,I-SMOKING
225,but,I-SMOKING
225,had,I-SMOKING
225,smoked,I-SMOKING
225,1.,I-SMOKING
225,0,I-SMOKING
225,pack,I-SMOKING
225,,I-SMOKING
225,day,I-SMOKING
225,for,I-SMOKING
225,20,I-SMOKING
225,years,I-SMOKING
226,he,B-ALCOHOL_USE
226,has,I-ALCOHOL_USE
226,no,I-ALCOHOL_USE
226,history,I-ALCOHOL_USE
226,of,I-ALCOHOL_USE
226,drinking,I-ALCOHOL_USE
227,he,B-SMOKING
227,has,I-SMOKING
227,indicated,I-SMOKING
227,exposure,I-SMOKING
227,to,I-SMOKING
227,the,I-SMOKING
227,following,I-SMOKING
227,products,I-SMOKING
227,,I-SMOKING
227,cigarettes.,I-SMOKING
228,,B-SOCIAL_SUPPORT
228,lives,I-SOCIAL_SUPPORT
228,alone.,I-SOCIAL_SUPPORT
229,no,B-SMOKING
229,,I-SMOKING
229,smoking,I-SMOKING
229,,I-SMOKING
229,5,I-SMOKING
229,,I-SMOKING
230,quit,B-SMOKING
230,smoking,I-SMOKING
230,17,I-SMOKING
230,years,I-SMOKING
230,ago,I-SMOKING
230,but,I-SMOKING
230,had,I-SMOKING
230,smoked,I-SMOKING
230,1.,I-SMOKING
230,0,I-SMOKING
230,pack,I-SMOKING
230,,I-SMOKING
230,day,I-SMOKING
230,for,I-SMOKING
230,20,I-SMOKING
230,years,I-SMOKING
231,he,B-ALCOHOL_USE
231,has,I-ALCOHOL_USE
231,no,I-ALCOHOL_USE
231,history,I-ALCOHOL_USE
231,of,I-ALCOHOL_USE
231,drinking,I-ALCOHOL_USE
232,he,B-SMOKING
232,has,I-SMOKING
232,indicated,I-SMOKING
232,exposure,I-SMOKING
232,to,I-SMOKING
232,the,I-SMOKING
232,following,I-SMOKING
232,products,I-SMOKING
232,,I-SMOKING
232,cigarettes.,I-SMOKING
233,,B-SOCIAL_SUPPORT
233,lives,I-SOCIAL_SUPPORT
233,alone.,I-SOCIAL_SUPPORT
234,total,B-SOCIAL_SUPPORT
234,time,I-SOCIAL_SUPPORT
234,spent,I-SOCIAL_SUPPORT
234,with,I-SOCIAL_SUPPORT
234,patient,I-SOCIAL_SUPPORT
234,and,I-SOCIAL_SUPPORT
234,,I-SOCIAL_SUPPORT
234,or,I-SOCIAL_SUPPORT
234,family,I-SOCIAL_SUPPORT
235,quit,B-SMOKING
235,smoking,I-SMOKING
235,17,I-SMOKING
235,years,I-SMOKING
235,ago,I-SMOKING
235,but,I-SMOKING
235,had,I-SMOKING
235,smoked,I-SMOKING
235,1.,I-SMOKING
235,0,I-SMOKING
235,pack,I-SMOKING
235,,I-SMOKING
235,day,I-SMOKING
235,for,I-SMOKING
235,20,I-SMOKING
235,years,I-SMOKING
236,he,B-ALCOHOL_USE
236,has,I-ALCOHOL_USE
236,no,I-ALCOHOL_USE
236,history,I-ALCOHOL_USE
236,of,I-ALCOHOL_USE
236,drinking,I-ALCOHOL_USE
237,he,B-SMOKING
237,has,I-SMOKING
237,indicated,I-SMOKING
237,exposure,I-SMOKING
237,to,I-SMOKING
237,the,I-SMOKING
237,following,I-SMOKING
237,products,I-SMOKING
237,,I-SMOKING
237,cigarettes.,I-SMOKING
238,,B-SOCIAL_SUPPORT
238,lives,I-SOCIAL_SUPPORT
238,alone.,I-SOCIAL_SUPPORT
239,no,B-SMOKING
239,,I-SMOKING
239,smoking,I-SMOKING
239,,I-SMOKING
239,5,I-SMOKING
239,,I-SMOKING
239,performed,I-SMOKING
239,on,I-SMOKING
239,,I-SMOKING
239,date,I-SMOKING
240,quit,B-SMOKING
240,smoking,I-SMOKING
240,17,I-SMOKING
240,years,I-SMOKING
240,ago,I-SMOKING
240,but,I-SMOKING
240,had,I-SMOKING
240,smoked,I-SMOKING
240,1.,I-SMOKING
240,0,I-SMOKING
240,pack,I-SMOKING
240,,I-SMOKING
240,day,I-SMOKING
240,for,I-SMOKING
240,20,I-SMOKING
240,years,I-SMOKING
241,he,B-ALCOHOL_USE
241,has,I-ALCOHOL_USE
241,no,I-ALCOHOL_USE
241,history,I-ALCOHOL_USE
241,of,I-ALCOHOL_USE
241,drinking,I-ALCOHOL_USE
242,he,B-SMOKING
242,has,I-SMOKING
242,indicated,I-SMOKING
242,exposure,I-SMOKING
242,to,I-SMOKING
242,the,I-SMOKING
242,following,I-SMOKING
242,products,I-SMOKING
242,,I-SMOKING
242,cigarettes.,I-SMOKING
243,,B-SOCIAL_SUPPORT
243,lives,I-SOCIAL_SUPPORT
243,alone.,I-SOCIAL_SUPPORT
244,",",B-MENTAL_HEALTH
244,"depression,",I-MENTAL_HEALTH
245,quit,B-SMOKING
245,smoking,I-SMOKING
245,17,I-SMOKING
245,years,I-SMOKING
245,ago,I-SMOKING
245,but,I-SMOKING
245,had,I-SMOKING
245,smoked,I-SMOKING
245,1.,I-SMOKING
245,0,I-SMOKING
245,pack,I-SMOKING
245,,I-SMOKING
245,day,I-SMOKING
245,for,I-SMOKING
245,20,I-SMOKING
245,years,I-SMOKING
246,he,B-ALCOHOL_USE
246,has,I-ALCOHOL_USE
246,no,I-ALCOHOL_USE
246,history,I-ALCOHOL_USE
246,of,I-ALCOHOL_USE
246,drinking,I-ALCOHOL_USE
247,he,B-SMOKING
247,has,I-SMOKING
247,indicated,I-SMOKING
247,exposure,I-SMOKING
247,to,I-SMOKING
247,the,I-SMOKING
247,following,I-SMOKING
247,products,I-SMOKING
247,,I-SMOKING
247,cigarettes.,I-SMOKING
248,,B-SOCIAL_SUPPORT
248,lives,I-SOCIAL_SUPPORT
248,alone.,I-SOCIAL_SUPPORT
249,97,B-SMOKING
249,,I-SMOKING
249,,I-SMOKING
249,fall,I-SMOKING
249,risk,I-SMOKING
249,,I-SMOKING
249,no,I-SMOKING
249,,I-SMOKING
249,smoking,I-SMOKING
249,,I-SMOKING
249,5,I-SMOKING
249,,I-SMOKING
250,quit,B-SMOKING
250,smoking,I-SMOKING
250,17,I-SMOKING
250,years,I-SMOKING
250,ago,I-SMOKING
250,but,I-SMOKING
250,had,I-SMOKING
250,smoked,I-SMOKING
250,1.,I-SMOKING
250,0,I-SMOKING
250,pack,I-SMOKING
250,,I-SMOKING
250,day,I-SMOKING
250,for,I-SMOKING
250,20,I-SMOKING
250,years,I-SMOKING
251,he,B-ALCOHOL_USE
251,has,I-ALCOHOL_USE
251,no,I-ALCOHOL_USE
251,history,I-ALCOHOL_USE
251,of,I-ALCOHOL_USE
251,drinking,I-ALCOHOL_USE
252,he,B-SMOKING
252,has,I-SMOKING
252,indicated,I-SMOKING
252,exposure,I-SMOKING
252,to,I-SMOKING
252,the,I-SMOKING
252,following,I-SMOKING
252,products,I-SMOKING
252,,I-SMOKING
252,cigarettes.,I-SMOKING
253,,B-SOCIAL_SUPPORT
253,lives,I-SOCIAL_SUPPORT
253,alone.,I-SOCIAL_SUPPORT
254,",",B-MENTAL_HEALTH
254,"depression,",I-MENTAL_HEALTH
255,nutrition,B-FOOD_SECURITY
255,nutrition,B-FOOD_SECURITY
256,list,B-SOCIAL_SUPPORT
256,has,I-SOCIAL_SUPPORT
256,been,I-SOCIAL_SUPPORT
256,reviewed,I-SOCIAL_SUPPORT
256,with,I-SOCIAL_SUPPORT
256,patient,I-SOCIAL_SUPPORT
256,,I-SOCIAL_SUPPORT
256,family.,I-SOCIAL_SUPPORT
257,distress,B-MENTAL_HEALTH
257,screening.,I-MENTAL_HEALTH
258,nutrition,B-FOOD_SECURITY
259,workers,B-FOOD_SECURITY
259,,I-FOOD_SECURITY
259,,I-FOOD_SECURITY
259,,I-FOOD_SECURITY
259,clergy,I-FOOD_SECURITY
259,,I-FOOD_SECURITY
259,,I-FOOD_SECURITY
259,,I-FOOD_SECURITY
259,nutritionists,I-FOOD_SECURITY
259,,I-FOOD_SECURITY
259,,I-FOOD_SECURITY
259,,I-FOOD_SECURITY
259,genetic,I-FOOD_SECURITY
259,counselors,I-FOOD_SECURITY
259,,I-FOOD_SECURITY
259,,I-FOOD_SECURITY
259,,I-FOOD_SECURITY
259,,I-FOOD_SECURITY
259,financial,I-FOOD_SECURITY
260,told,B-SOCIAL_SUPPORT
260,family,I-SOCIAL_SUPPORT
260,that,I-SOCIAL_SUPPORT
260,he,I-SOCIAL_SUPPORT
260,had,I-SOCIAL_SUPPORT
260,3,I-SOCIAL_SUPPORT
260,months,I-SOCIAL_SUPPORT
260,to,I-SOCIAL_SUPPORT
260,live,I-SOCIAL_SUPPORT
260,and,I-SOCIAL_SUPPORT
260,referred,I-SOCIAL_SUPPORT
260,him,I-SOCIAL_SUPPORT
261,negative,B-MENTAL_HEALTH
261,depression,I-MENTAL_HEALTH
262,with,B-SOCIAL_SUPPORT
262,family,I-SOCIAL_SUPPORT
262,however,I-SOCIAL_SUPPORT
262,currently,I-SOCIAL_SUPPORT
262,not,I-SOCIAL_SUPPORT
262,taking,I-SOCIAL_SUPPORT
262,med,I-SOCIAL_SUPPORT
263,marijuana,B-DRUG_USE
264,family,B-SOCIAL_SUPPORT
264,history,I-SOCIAL_SUPPORT
264,,I-SOCIAL_SUPPORT
265,"depression,",B-MENTAL_HEALTH
266,stressed,B-MENTAL_HEALTH
266,the,I-MENTAL_HEALTH
266,importance,I-MENTAL_HEALTH
266,of,I-MENTAL_HEALTH
266,maintaining,I-MENTAL_HEALTH
267,list,B-SOCIAL_SUPPORT
267,has,I-SOCIAL_SUPPORT
267,been,I-SOCIAL_SUPPORT
267,reviewed,I-SOCIAL_SUPPORT
267,with,I-SOCIAL_SUPPORT
267,patient,I-SOCIAL_SUPPORT
267,,I-SOCIAL_SUPPORT
267,family.,I-SOCIAL_SUPPORT
268,he,B-ALCOHOL_USE
268,is,I-ALCOHOL_USE
268,eating,I-ALCOHOL_USE
268,,I-ALCOHOL_USE
268,drinking,I-ALCOHOL_USE
268,better.,I-ALCOHOL_USE
269,,B-MENTAL_HEALTH
269,depression,I-MENTAL_HEALTH
270,with,B-SOCIAL_SUPPORT
270,family,I-SOCIAL_SUPPORT
270,however,I-SOCIAL_SUPPORT
270,currently,I-SOCIAL_SUPPORT
270,not,I-SOCIAL_SUPPORT
270,taking,I-SOCIAL_SUPPORT
270,"meds,",I-SOCIAL_SUPPORT
270,elavil,I-SOCIAL_SUPPORT
270,stopped,I-SOCIAL_SUPPORT
270,3,I-SOCIAL_SUPPORT
270,yrs,I-SOCIAL_SUPPORT
270,ago,I-SOCIAL_SUPPORT
271,marijuana,B-DRUG_USE
272,family,B-SOCIAL_SUPPORT
272,history,I-SOCIAL_SUPPORT
272,,I-SOCIAL_SUPPORT
273,"depression,",B-MENTAL_HEALTH
274,list,B-SOCIAL_SUPPORT
274,has,I-SOCIAL_SUPPORT
274,been,I-SOCIAL_SUPPORT
274,reviewed,I-SOCIAL_SUPPORT
274,with,I-SOCIAL_SUPPORT
274,patient,I-SOCIAL_SUPPORT
274,,I-SOCIAL_SUPPORT
274,family.,I-SOCIAL_SUPPORT
275,he,B-ALCOHOL_USE
275,is,I-ALCOHOL_USE
275,eating,I-ALCOHOL_USE
275,,I-ALCOHOL_USE
275,drinking,I-ALCOHOL_USE
275,better.,I-ALCOHOL_USE
276,"depression,",B-MENTAL_HEALTH
277,,B-MENTAL_HEALTH
277,depression,I-MENTAL_HEALTH
278,with,B-SOCIAL_SUPPORT
278,family,I-SOCIAL_SUPPORT
278,however,I-SOCIAL_SUPPORT
278,currently,I-SOCIAL_SUPPORT
278,not,I-SOCIAL_SUPPORT
278,taking,I-SOCIAL_SUPPORT
278,"meds,",I-SOCIAL_SUPPORT
278,elavil,I-SOCIAL_SUPPORT
278,stopped,I-SOCIAL_SUPPORT
278,3,I-SOCIAL_SUPPORT
278,yrs,I-SOCIAL_SUPPORT
278,ago,I-SOCIAL_SUPPORT
279,eating,B-ALCOHOL_USE
279,,I-ALCOHOL_USE
279,drinking,I-ALCOHOL_USE
280,,B-MENTAL_HEALTH
280,depression,I-MENTAL_HEALTH
281,with,B-SOCIAL_SUPPORT
281,family,I-SOCIAL_SUPPORT
281,however,I-SOCIAL_SUPPORT
281,currently,I-SOCIAL_SUPPORT
281,not,I-SOCIAL_SUPPORT
281,taking,I-SOCIAL_SUPPORT
281,"meds,",I-SOCIAL_SUPPORT
281,elavil,I-SOCIAL_SUPPORT
281,stopped,I-SOCIAL_SUPPORT
281,3,I-SOCIAL_SUPPORT
281,yrs,I-SOCIAL_SUPPORT
281,ago,I-SOCIAL_SUPPORT
282,marijuana,B-DRUG_USE
283,family,B-SOCIAL_SUPPORT
283,history,I-SOCIAL_SUPPORT
283,,I-SOCIAL_SUPPORT
284,"depression,",B-MENTAL_HEALTH
285,list,B-SOCIAL_SUPPORT
285,has,I-SOCIAL_SUPPORT
285,been,I-SOCIAL_SUPPORT
285,reviewed,I-SOCIAL_SUPPORT
285,with,I-SOCIAL_SUPPORT
285,patient,I-SOCIAL_SUPPORT
285,,I-SOCIAL_SUPPORT
285,family.,I-SOCIAL_SUPPORT
286,,B-MENTAL_HEALTH
286,depression,I-MENTAL_HEALTH
287,with,B-SOCIAL_SUPPORT
287,family,I-SOCIAL_SUPPORT
287,however,I-SOCIAL_SUPPORT
287,currently,I-SOCIAL_SUPPORT
287,not,I-SOCIAL_SUPPORT
287,taking,I-SOCIAL_SUPPORT
287,"meds,",I-SOCIAL_SUPPORT
287,elavil,I-SOCIAL_SUPPORT
287,stopped,I-SOCIAL_SUPPORT
287,3,I-SOCIAL_SUPPORT
287,yrs,I-SOCIAL_SUPPORT
287,ago,I-SOCIAL_SUPPORT
288,drinking,B-ALCOHOL_USE
288,drinking,B-ALCOHOL_USE
289,",",B-ALCOHOL_USE
289,he,I-ALCOHOL_USE
289,is,I-ALCOHOL_USE
289,eating,I-ALCOHOL_USE
289,,I-ALCOHOL_USE
289,drinking,I-ALCOHOL_USE
289,better,I-ALCOHOL_USE
290,,B-MENTAL_HEALTH
290,depression,I-MENTAL_HEALTH
291,with,B-SOCIAL_SUPPORT
291,family,I-SOCIAL_SUPPORT
291,however,I-SOCIAL_SUPPORT
291,currently,I-SOCIAL_SUPPORT
291,not,I-SOCIAL_SUPPORT
291,taking,I-SOCIAL_SUPPORT
291,"meds,",I-SOCIAL_SUPPORT
291,elavil,I-SOCIAL_SUPPORT
291,stopped,I-SOCIAL_SUPPORT
291,3,I-SOCIAL_SUPPORT
291,yrs,I-SOCIAL_SUPPORT
291,ago,I-SOCIAL_SUPPORT
292,marijuana,B-DRUG_USE
293,family,B-SOCIAL_SUPPORT
293,history,I-SOCIAL_SUPPORT
293,,I-SOCIAL_SUPPORT
294,"depression,",B-MENTAL_HEALTH
295,drinking,B-ALCOHOL_USE
295,better.,I-ALCOHOL_USE
296,list,B-SOCIAL_SUPPORT
296,has,I-SOCIAL_SUPPORT
296,been,I-SOCIAL_SUPPORT
296,reviewed,I-SOCIAL_SUPPORT
296,with,I-SOCIAL_SUPPORT
296,patient,I-SOCIAL_SUPPORT
296,,I-SOCIAL_SUPPORT
296,family.,I-SOCIAL_SUPPORT
296,list,B-SOCIAL_SUPPORT
296,has,I-SOCIAL_SUPPORT
296,been,I-SOCIAL_SUPPORT
296,reviewed,I-SOCIAL_SUPPORT
296,with,I-SOCIAL_SUPPORT
296,patient,I-SOCIAL_SUPPORT
296,,I-SOCIAL_SUPPORT
296,family.,I-SOCIAL_SUPPORT
296,list,B-SOCIAL_SUPPORT
296,has,I-SOCIAL_SUPPORT
296,been,I-SOCIAL_SUPPORT
296,reviewed,I-SOCIAL_SUPPORT
296,with,I-SOCIAL_SUPPORT
296,patient,I-SOCIAL_SUPPORT
296,,I-SOCIAL_SUPPORT
296,family.,I-SOCIAL_SUPPORT
296,list,B-SOCIAL_SUPPORT
296,has,I-SOCIAL_SUPPORT
296,been,I-SOCIAL_SUPPORT
296,reviewed,I-SOCIAL_SUPPORT
296,with,I-SOCIAL_SUPPORT
296,patient,I-SOCIAL_SUPPORT
296,,I-SOCIAL_SUPPORT
296,family.,I-SOCIAL_SUPPORT
297,family,B-SOCIAL_SUPPORT
298,"depression,",B-MENTAL_HEALTH
299,depression,B-MENTAL_HEALTH
300,with,B-SOCIAL_SUPPORT
300,family,I-SOCIAL_SUPPORT
300,however,I-SOCIAL_SUPPORT
300,currently,I-SOCIAL_SUPPORT
300,not,I-SOCIAL_SUPPORT
300,taking,I-SOCIAL_SUPPORT
300,med,I-SOCIAL_SUPPORT
301,list,B-SOCIAL_SUPPORT
301,has,I-SOCIAL_SUPPORT
301,been,I-SOCIAL_SUPPORT
301,reviewed,I-SOCIAL_SUPPORT
301,with,I-SOCIAL_SUPPORT
301,patient,I-SOCIAL_SUPPORT
301,,I-SOCIAL_SUPPORT
301,family.,I-SOCIAL_SUPPORT
302,,B-MENTAL_HEALTH
302,depression,I-MENTAL_HEALTH
303,with,B-SOCIAL_SUPPORT
303,family,I-SOCIAL_SUPPORT
303,however,I-SOCIAL_SUPPORT
303,currently,I-SOCIAL_SUPPORT
303,not,I-SOCIAL_SUPPORT
303,taking,I-SOCIAL_SUPPORT
303,"meds,",I-SOCIAL_SUPPORT
303,elavil,I-SOCIAL_SUPPORT
303,stopped,I-SOCIAL_SUPPORT
303,3,I-SOCIAL_SUPPORT
303,yrs,I-SOCIAL_SUPPORT
303,ago,I-SOCIAL_SUPPORT
304,list,B-SOCIAL_SUPPORT
304,has,I-SOCIAL_SUPPORT
304,been,I-SOCIAL_SUPPORT
304,reviewed,I-SOCIAL_SUPPORT
304,with,I-SOCIAL_SUPPORT
304,patient,I-SOCIAL_SUPPORT
304,,I-SOCIAL_SUPPORT
304,family.,I-SOCIAL_SUPPORT
304,list,B-SOCIAL_SUPPORT
304,has,I-SOCIAL_SUPPORT
304,been,I-SOCIAL_SUPPORT
304,reviewed,I-SOCIAL_SUPPORT
304,with,I-SOCIAL_SUPPORT
304,patient,I-SOCIAL_SUPPORT
304,,I-SOCIAL_SUPPORT
304,family.,I-SOCIAL_SUPPORT
305,in,B-SOCIAL_SUPPORT
305,family,I-SOCIAL_SUPPORT
305,visited,I-SOCIAL_SUPPORT
305,in,I-SOCIAL_SUPPORT
305,infusion,I-SOCIAL_SUPPORT
305,center,I-SOCIAL_SUPPORT
305,-,I-SOCIAL_SUPPORT
305,pt,I-SOCIAL_SUPPORT
305,is,I-SOCIAL_SUPPORT
305,doing,I-SOCIAL_SUPPORT
305,well,I-SOCIAL_SUPPORT
306,,B-MENTAL_HEALTH
306,depression,I-MENTAL_HEALTH
307,with,B-SOCIAL_SUPPORT
307,family,I-SOCIAL_SUPPORT
307,however,I-SOCIAL_SUPPORT
307,currently,I-SOCIAL_SUPPORT
307,not,I-SOCIAL_SUPPORT
307,taking,I-SOCIAL_SUPPORT
307,"meds,",I-SOCIAL_SUPPORT
307,elavil,I-SOCIAL_SUPPORT
307,stopped,I-SOCIAL_SUPPORT
307,3,I-SOCIAL_SUPPORT
307,yrs,I-SOCIAL_SUPPORT
307,ago,I-SOCIAL_SUPPORT
308,,B-MENTAL_HEALTH
308,depression,I-MENTAL_HEALTH
309,with,B-SOCIAL_SUPPORT
309,family,I-SOCIAL_SUPPORT
309,however,I-SOCIAL_SUPPORT
309,currently,I-SOCIAL_SUPPORT
309,not,I-SOCIAL_SUPPORT
309,taking,I-SOCIAL_SUPPORT
309,"meds,",I-SOCIAL_SUPPORT
309,elavil,I-SOCIAL_SUPPORT
309,stopped,I-SOCIAL_SUPPORT
309,3,I-SOCIAL_SUPPORT
309,yrs,I-SOCIAL_SUPPORT
309,ago,I-SOCIAL_SUPPORT
310,told,B-SOCIAL_SUPPORT
310,family,I-SOCIAL_SUPPORT
310,that,I-SOCIAL_SUPPORT
310,he,I-SOCIAL_SUPPORT
310,had,I-SOCIAL_SUPPORT
310,3,I-SOCIAL_SUPPORT
310,months,I-SOCIAL_SUPPORT
310,to,I-SOCIAL_SUPPORT
310,live,I-SOCIAL_SUPPORT
310,and,I-SOCIAL_SUPPORT
310,referred,I-SOCIAL_SUPPORT
310,him,I-SOCIAL_SUPPORT
311,he,B-SMOKING
311,is,I-SMOKING
311,smoking,I-SMOKING
311,as,I-SMOKING
311,well.,I-SMOKING
311,he,I-SMOKING
311,has,I-SMOKING
312,history,B-SMOKING
312,,I-SMOKING
312,diagnoses,I-SMOKING
312,,I-SMOKING
312,personal,I-SMOKING
312,history,I-SMOKING
312,of,I-SMOKING
312,tobacco,I-SMOKING
312,use.,I-SMOKING
313,",",B-MENTAL_HEALTH
313,"depression,",I-MENTAL_HEALTH
314,today,B-SMOKING
314,with,I-SMOKING
314,coags,I-SMOKING
314,-,I-SMOKING
314,remove,I-SMOKING
314,port,I-SMOKING
314,-,I-SMOKING
314,encouraged,I-SMOKING
314,follow,I-SMOKING
314,up,I-SMOKING
314,-,I-SMOKING
314,stop,I-SMOKING
314,smoking,I-SMOKING
314,,I-SMOKING
314,pt,I-SMOKING
314,had,I-SMOKING
314,bleomycin,I-SMOKING
314,-,I-SMOKING
314,-,I-SMOKING
314,this,I-SMOKING
314,was,I-SMOKING
314,described,I-SMOKING
315,smoking,B-SMOKING
315,-,I-SMOKING
315,strongly,I-SMOKING
315,encouraged,I-SMOKING
315,cessation,I-SMOKING
315,rtc,I-SMOKING
315,4,I-SMOKING
316,of,B-SMOKING
316,tobacco,I-SMOKING
316,"use,",I-SMOKING
316,diagnosed,I-SMOKING
316,,I-SMOKING
316,date,I-SMOKING
317,,B-MENTAL_HEALTH
317,depression,I-MENTAL_HEALTH
318,with,B-SOCIAL_SUPPORT
318,family,I-SOCIAL_SUPPORT
318,however,I-SOCIAL_SUPPORT
318,currently,I-SOCIAL_SUPPORT
318,not,I-SOCIAL_SUPPORT
318,taking,I-SOCIAL_SUPPORT
318,"meds,",I-SOCIAL_SUPPORT
318,elavil,I-SOCIAL_SUPPORT
318,stopped,I-SOCIAL_SUPPORT
318,3,I-SOCIAL_SUPPORT
318,yrs,I-SOCIAL_SUPPORT
318,ago,I-SOCIAL_SUPPORT
319,he,B-SMOKING
319,has,I-SMOKING
319,stopped,I-SMOKING
319,smoking,I-SMOKING
319,because,I-SMOKING
320,,B-MENTAL_HEALTH
320,depression,I-MENTAL_HEALTH
321,with,B-SOCIAL_SUPPORT
321,family,I-SOCIAL_SUPPORT
321,however,I-SOCIAL_SUPPORT
321,currently,I-SOCIAL_SUPPORT
321,not,I-SOCIAL_SUPPORT
321,taking,I-SOCIAL_SUPPORT
321,"meds,",I-SOCIAL_SUPPORT
321,elavil,I-SOCIAL_SUPPORT
321,stopped,I-SOCIAL_SUPPORT
321,3,I-SOCIAL_SUPPORT
321,yrs,I-SOCIAL_SUPPORT
321,ago,I-SOCIAL_SUPPORT
322,",",B-MENTAL_HEALTH
322,"depression,",I-MENTAL_HEALTH
323,-,B-SMOKING
323,encouraged,I-SMOKING
323,follow,I-SMOKING
323,up,I-SMOKING
323,-,I-SMOKING
323,stop,I-SMOKING
323,smoking,I-SMOKING
323,permanently,I-SMOKING
323,,I-SMOKING
323,pt,I-SMOKING
323,had,I-SMOKING
323,bleomycin,I-SMOKING
323,-,I-SMOKING
323,-,I-SMOKING
323,this,I-SMOKING
323,was,I-SMOKING
323,described,I-SMOKING
323,to,I-SMOKING
323,pt,I-SMOKING
323,in,I-SMOKING
323,great,I-SMOKING
323,detail,I-SMOKING
323,,I-SMOKING
323,2.,I-SMOKING
324,smoking,B-SMOKING
324,-,I-SMOKING
324,patient,I-SMOKING
324,seems,I-SMOKING
324,motivated,I-SMOKING
324,to,I-SMOKING
324,permanently,I-SMOKING
324,quit,I-SMOKING
324,smoking.,I-SMOKING
325,he,B-SMOKING
325,has,I-SMOKING
325,stopped,I-SMOKING
325,smoking,I-SMOKING
325,because,I-SMOKING
326,,B-MENTAL_HEALTH
326,depression,I-MENTAL_HEALTH
327,with,B-SOCIAL_SUPPORT
327,family,I-SOCIAL_SUPPORT
327,however,I-SOCIAL_SUPPORT
327,currently,I-SOCIAL_SUPPORT
327,not,I-SOCIAL_SUPPORT
327,taking,I-SOCIAL_SUPPORT
327,"meds,",I-SOCIAL_SUPPORT
327,elavil,I-SOCIAL_SUPPORT
327,stopped,I-SOCIAL_SUPPORT
327,3,I-SOCIAL_SUPPORT
327,yrs,I-SOCIAL_SUPPORT
327,ago,I-SOCIAL_SUPPORT
328,",",B-MENTAL_HEALTH
328,"depression,",I-MENTAL_HEALTH
329,-,B-SMOKING
329,encouraged,I-SMOKING
329,follow,I-SMOKING
329,up,I-SMOKING
329,-,I-SMOKING
329,stop,I-SMOKING
329,smoking,I-SMOKING
329,permanently,I-SMOKING
329,,I-SMOKING
329,pt,I-SMOKING
329,had,I-SMOKING
329,bleomycin,I-SMOKING
329,-,I-SMOKING
329,-,I-SMOKING
329,this,I-SMOKING
329,was,I-SMOKING
329,described,I-SMOKING
329,to,I-SMOKING
329,pt,I-SMOKING
329,in,I-SMOKING
329,great,I-SMOKING
329,detail,I-SMOKING
329,,I-SMOKING
329,2.,I-SMOKING
330,smoking,B-SMOKING
330,-,I-SMOKING
330,patient,I-SMOKING
330,seems,I-SMOKING
330,motivated,I-SMOKING
330,to,I-SMOKING
330,permanently,I-SMOKING
330,quit,I-SMOKING
330,smoking.,I-SMOKING
331,of,B-SMOKING
331,tobacco,I-SMOKING
331,"use,",I-SMOKING
331,diagnosed,I-SMOKING
331,,I-SMOKING
331,date,I-SMOKING
332,,B-MENTAL_HEALTH
332,depression,I-MENTAL_HEALTH
333,with,B-SOCIAL_SUPPORT
333,family,I-SOCIAL_SUPPORT
333,however,I-SOCIAL_SUPPORT
333,currently,I-SOCIAL_SUPPORT
333,not,I-SOCIAL_SUPPORT
333,taking,I-SOCIAL_SUPPORT
333,"meds,",I-SOCIAL_SUPPORT
333,elavil,I-SOCIAL_SUPPORT
333,stopped,I-SOCIAL_SUPPORT
333,3,I-SOCIAL_SUPPORT
333,yrs,I-SOCIAL_SUPPORT
333,ago,I-SOCIAL_SUPPORT
334,,B-MENTAL_HEALTH
334,depression,I-MENTAL_HEALTH
335,with,B-SOCIAL_SUPPORT
335,family,I-SOCIAL_SUPPORT
335,however,I-SOCIAL_SUPPORT
335,currently,I-SOCIAL_SUPPORT
335,not,I-SOCIAL_SUPPORT
335,taking,I-SOCIAL_SUPPORT
335,"meds,",I-SOCIAL_SUPPORT
335,elavil,I-SOCIAL_SUPPORT
335,stopped,I-SOCIAL_SUPPORT
335,3,I-SOCIAL_SUPPORT
335,yrs,I-SOCIAL_SUPPORT
335,ago,I-SOCIAL_SUPPORT
336,daily,B-SOCIAL_SUPPORT
336,family,I-SOCIAL_SUPPORT
336,history,I-SOCIAL_SUPPORT
336,,I-SOCIAL_SUPPORT
336,grandfather,I-SOCIAL_SUPPORT
336,,I-SOCIAL_SUPPORT
337,marijuana,B-DRUG_USE
338,"depression,",B-MENTAL_HEALTH
339,,B-MENTAL_HEALTH
339,depression,I-MENTAL_HEALTH
340,with,B-SOCIAL_SUPPORT
340,family,I-SOCIAL_SUPPORT
340,however,I-SOCIAL_SUPPORT
340,currently,I-SOCIAL_SUPPORT
340,not,I-SOCIAL_SUPPORT
340,taking,I-SOCIAL_SUPPORT
340,"meds,",I-SOCIAL_SUPPORT
340,elavil,I-SOCIAL_SUPPORT
340,stopped,I-SOCIAL_SUPPORT
340,3,I-SOCIAL_SUPPORT
340,yrs,I-SOCIAL_SUPPORT
340,ago,I-SOCIAL_SUPPORT
341,daily,B-SOCIAL_SUPPORT
341,family,I-SOCIAL_SUPPORT
341,history,I-SOCIAL_SUPPORT
341,,I-SOCIAL_SUPPORT
341,grandfather,I-SOCIAL_SUPPORT
341,,I-SOCIAL_SUPPORT
342,marijuana,B-DRUG_USE
343,"depression,",B-MENTAL_HEALTH
344,of,B-SMOKING
344,tobacco,I-SMOKING
344,"use,",I-SMOKING
344,diagnosed,I-SMOKING
344,,I-SMOKING
344,date,I-SMOKING
345,,B-MENTAL_HEALTH
345,depression,I-MENTAL_HEALTH
346,with,B-SOCIAL_SUPPORT
346,family,I-SOCIAL_SUPPORT
346,however,I-SOCIAL_SUPPORT
346,currently,I-SOCIAL_SUPPORT
346,not,I-SOCIAL_SUPPORT
346,taking,I-SOCIAL_SUPPORT
346,"meds,",I-SOCIAL_SUPPORT
346,elavil,I-SOCIAL_SUPPORT
346,stopped,I-SOCIAL_SUPPORT
346,3,I-SOCIAL_SUPPORT
346,yrs,I-SOCIAL_SUPPORT
346,ago,I-SOCIAL_SUPPORT
347,of,B-SMOKING
347,tobacco,I-SMOKING
347,"use,",I-SMOKING
347,diagnosed,I-SMOKING
347,,I-SMOKING
347,date,I-SMOKING
348,,B-MENTAL_HEALTH
348,depression,I-MENTAL_HEALTH
349,with,B-SOCIAL_SUPPORT
349,family,I-SOCIAL_SUPPORT
349,however,I-SOCIAL_SUPPORT
349,currently,I-SOCIAL_SUPPORT
349,not,I-SOCIAL_SUPPORT
349,taking,I-SOCIAL_SUPPORT
349,"meds,",I-SOCIAL_SUPPORT
349,elavil,I-SOCIAL_SUPPORT
349,stopped,I-SOCIAL_SUPPORT
349,3,I-SOCIAL_SUPPORT
349,yrs,I-SOCIAL_SUPPORT
349,ago,I-SOCIAL_SUPPORT
350,,B-MENTAL_HEALTH
350,depression,I-MENTAL_HEALTH
351,with,B-SOCIAL_SUPPORT
351,family,I-SOCIAL_SUPPORT
351,however,I-SOCIAL_SUPPORT
351,currently,I-SOCIAL_SUPPORT
351,not,I-SOCIAL_SUPPORT
351,taking,I-SOCIAL_SUPPORT
351,"meds,",I-SOCIAL_SUPPORT
351,elavil,I-SOCIAL_SUPPORT
351,stopped,I-SOCIAL_SUPPORT
351,3,I-SOCIAL_SUPPORT
351,yrs,I-SOCIAL_SUPPORT
351,ago,I-SOCIAL_SUPPORT
352,he,B-SMOKING
352,continues,I-SMOKING
352,to,I-SMOKING
352,smoke,I-SMOKING
352,1,I-SMOKING
352,ppd,I-SMOKING
352,and,I-SMOKING
352,is,I-SMOKING
352,awaiting,I-SMOKING
352,a,I-SMOKING
352,smoking,I-SMOKING
352,cessation,I-SMOKING
352,group,I-SMOKING
352,here,I-SMOKING
352,at,I-SMOKING
352,guh,I-SMOKING
353,is,B-HOUSING
353,homeless,I-HOUSING
353,and,I-HOUSING
354,shelter,B-HOUSING
355,schizophrenia.,B-MENTAL_HEALTH
356,,B-HOUSING
356,homeless.,I-HOUSING
357,",",B-HOUSING
357,currently,I-HOUSING
357,"homeless,",I-HOUSING
357,arrives,I-HOUSING
357,by,I-HOUSING
357,bus,I-HOUSING
357,,I-HOUSING
357,has,I-HOUSING
357,to,I-HOUSING
357,leave,I-HOUSING
358,is,B-SMOKING
358,encouraged,I-SMOKING
358,to,I-SMOKING
358,work,I-SMOKING
358,on,I-SMOKING
358,reduction,I-SMOKING
358,of,I-SMOKING
358,smoking.,I-SMOKING
359,will,B-SMOKING
359,be,I-SMOKING
359,contacted,I-SMOKING
359,and,I-SMOKING
359,informed,I-SMOKING
359,of,I-SMOKING
359,recommendations,I-SMOKING
359,made,I-SMOKING
359,-,I-SMOKING
359,smoking,I-SMOKING
359,cessation,I-SMOKING
359,-,I-SMOKING
359,diflucan,I-SMOKING
360,schizophrenia.,B-MENTAL_HEALTH
361,,B-HOUSING
361,homeless.,I-HOUSING
362,",",B-HOUSING
362,currently,I-HOUSING
362,"homeless,",I-HOUSING
362,arrives,I-HOUSING
362,by,I-HOUSING
362,bus,I-HOUSING
362,,I-HOUSING
362,has,I-HOUSING
362,to,I-HOUSING
362,leave,I-HOUSING
363,oncology,B-SMOKING
363,-,I-SMOKING
363,f,I-SMOKING
363,,I-SMOKING
363,u,I-SMOKING
363,with,I-SMOKING
363,thoracic,I-SMOKING
363,surgery,I-SMOKING
363,-,I-SMOKING
363,smoking,I-SMOKING
363,cessation,I-SMOKING
363,-,I-SMOKING
363,rtc,I-SMOKING
363,after,I-SMOKING
363,above,I-SMOKING
363,thank,I-SMOKING
363,you,I-SMOKING
363,for,I-SMOKING
363,involving,I-SMOKING
363,me,I-SMOKING
363,in,I-SMOKING
363,the,I-SMOKING
364,to,B-SMOKING
364,smoking,I-SMOKING
364,cessation,I-SMOKING
364,resources,I-SMOKING
364,in,I-SMOKING
364,the,I-SMOKING
365,community,B-SOCIAL_SUPPORT
366,",",B-SMOKING
366,and,I-SMOKING
366,was,I-SMOKING
366,informed,I-SMOKING
366,that,I-SMOKING
366,patient,I-SMOKING
366,can,I-SMOKING
366,call,I-SMOKING
366,and,I-SMOKING
366,enroll,I-SMOKING
366,to,I-SMOKING
366,get,I-SMOKING
366,support,I-SMOKING
366,such,I-SMOKING
366,as,I-SMOKING
366,free,I-SMOKING
366,phone,I-SMOKING
366,"counseling,",I-SMOKING
366,nicotine,I-SMOKING
366,"patches,",I-SMOKING
366,gum,I-SMOKING
366,and,I-SMOKING
366,lozenges.,I-SMOKING
367,e,B-SMOKING
367,,I-SMOKING
367,currently,I-SMOKING
367,smokes,I-SMOKING
367,1,I-SMOKING
367,pack,I-SMOKING
367,of,I-SMOKING
367,cigarettes,I-SMOKING
367,daily.,I-SMOKING
368,he,B-SMOKING
368,went,I-SMOKING
368,one,I-SMOKING
368,month,I-SMOKING
368,without,I-SMOKING
368,cigarettes,I-SMOKING
368,while,I-SMOKING
368,on,I-SMOKING
368,the,I-SMOKING
368,nicotine,I-SMOKING
369,he,B-SMOKING
369,stopped,I-SMOKING
369,using,I-SMOKING
369,the,I-SMOKING
369,nicotine,I-SMOKING
370,schizophrenia.,B-MENTAL_HEALTH
371,,B-HOUSING
371,homeless.,I-HOUSING
372,"homeless,",B-HOUSING
372,arrives,I-HOUSING
372,by,I-HOUSING
372,bus,I-HOUSING
372,,I-HOUSING
372,has,I-HOUSING
372,to,I-HOUSING
372,leave,I-HOUSING
373,we,B-SMOKING
373,suggesting,I-SMOKING
373,trying,I-SMOKING
373,nicotine,I-SMOKING
373,gum,I-SMOKING
373,as,I-SMOKING
373,an,I-SMOKING
373,alternative,I-SMOKING
373,to,I-SMOKING
373,the,I-SMOKING
373,nicotine,I-SMOKING
374,-,B-SMOKING
374,smoking,I-SMOKING
374,"cessation,",I-SMOKING
374,nicotine,I-SMOKING
374,gum,I-SMOKING
374,discussed,I-SMOKING
375,schizophrenia,B-MENTAL_HEALTH
376,,B-HOUSING
376,homeless.,I-HOUSING
377,",",B-HOUSING
377,currently,I-HOUSING
377,"homeless,",I-HOUSING
377,arrives,I-HOUSING
377,by,I-HOUSING
377,bus,I-HOUSING
377,,I-HOUSING
377,has,I-HOUSING
377,to,I-HOUSING
377,leave,I-HOUSING
378,address,B-SOCIAL_SUPPORT
378,,I-SOCIAL_SUPPORT
378,family,I-SOCIAL_SUPPORT
379,history,B-SOCIAL_SUPPORT
379,,I-SOCIAL_SUPPORT
379,the,I-SOCIAL_SUPPORT
379,family,I-SOCIAL_SUPPORT
379,history,I-SOCIAL_SUPPORT
379,is,I-SOCIAL_SUPPORT
379,unre,I-SOCIAL_SUPPORT
380,he,B-SMOKING
380,is,I-SMOKING
380,interested,I-SMOKING
380,in,I-SMOKING
380,smoking,I-SMOKING
380,cessation,I-SMOKING
380,but,I-SMOKING
380,does,I-SMOKING
380,not,I-SMOKING
380,have,I-SMOKING
380,the,I-SMOKING
380,funds,I-SMOKING
380,for,I-SMOKING
380,nicotine,I-SMOKING
380,patches,I-SMOKING
380,,I-SMOKING
380,which,I-SMOKING
381,-,B-SMOKING
381,smoking,I-SMOKING
381,cessation,I-SMOKING
381,-,I-SMOKING
381,referred,I-SMOKING
381,to,I-SMOKING
381,pulmonary,I-SMOKING
381,medicine,I-SMOKING
381,for,I-SMOKING
381,copd,I-SMOKING
381,management,I-SMOKING
381,-,I-SMOKING
381,ct,I-SMOKING
382,he,B-SMOKING
382,quit,I-SMOKING
382,smoking,I-SMOKING
382,1,I-SMOKING
382,year,I-SMOKING
382,ago.,I-SMOKING
383,with,B-DRUG_USE
383,marijuana,I-DRUG_USE
384,heroin,B-DRUG_USE
385,family,B-SOCIAL_SUPPORT
385,history,I-SOCIAL_SUPPORT
385,,I-SOCIAL_SUPPORT
385,mr.,I-SOCIAL_SUPPORT
385,,I-SOCIAL_SUPPORT
385,personal,I-SOCIAL_SUPPORT
386,no,B-SOCIAL_SUPPORT
386,significant,I-SOCIAL_SUPPORT
386,family,I-SOCIAL_SUPPORT
386,history,I-SOCIAL_SUPPORT
386,of,I-SOCIAL_SUPPORT
386,cancer,I-SOCIAL_SUPPORT
387,he,B-SMOKING
387,quit,I-SMOKING
387,smoking,I-SMOKING
387,1,I-SMOKING
387,year,I-SMOKING
387,ago.,I-SMOKING
388,with,B-DRUG_USE
388,marijuana,I-DRUG_USE
389,heroin,B-DRUG_USE
390,family,B-SOCIAL_SUPPORT
390,history,I-SOCIAL_SUPPORT
390,,I-SOCIAL_SUPPORT
390,mr.,I-SOCIAL_SUPPORT
390,,I-SOCIAL_SUPPORT
390,personal,I-SOCIAL_SUPPORT
391,no,B-SOCIAL_SUPPORT
391,significant,I-SOCIAL_SUPPORT
391,family,I-SOCIAL_SUPPORT
391,history,I-SOCIAL_SUPPORT
391,of,I-SOCIAL_SUPPORT
391,cancer,I-SOCIAL_SUPPORT
392,he,B-SMOKING
392,quit,I-SMOKING
392,smoking,I-SMOKING
392,1,I-SMOKING
392,year,I-SMOKING
392,ago.,I-SMOKING
393,with,B-DRUG_USE
393,marijuana,I-DRUG_USE
394,heroin,B-DRUG_USE
395,family,B-SOCIAL_SUPPORT
395,history,I-SOCIAL_SUPPORT
395,,I-SOCIAL_SUPPORT
395,mr.,I-SOCIAL_SUPPORT
395,,I-SOCIAL_SUPPORT
395,personal,I-SOCIAL_SUPPORT
396,no,B-SOCIAL_SUPPORT
396,significant,I-SOCIAL_SUPPORT
396,family,I-SOCIAL_SUPPORT
396,history,I-SOCIAL_SUPPORT
396,of,I-SOCIAL_SUPPORT
396,cancer,I-SOCIAL_SUPPORT
397,he,B-SMOKING
397,quit,I-SMOKING
397,smoking,I-SMOKING
397,1,I-SMOKING
397,year,I-SMOKING
397,ago.,I-SMOKING
398,with,B-DRUG_USE
398,marijuana,I-DRUG_USE
399,heroin,B-DRUG_USE
400,family,B-SOCIAL_SUPPORT
400,history,I-SOCIAL_SUPPORT
400,,I-SOCIAL_SUPPORT
400,mr.,I-SOCIAL_SUPPORT
400,,I-SOCIAL_SUPPORT
400,personal,I-SOCIAL_SUPPORT
401,no,B-SOCIAL_SUPPORT
401,significant,I-SOCIAL_SUPPORT
401,family,I-SOCIAL_SUPPORT
401,history,I-SOCIAL_SUPPORT
401,of,I-SOCIAL_SUPPORT
401,cancer,I-SOCIAL_SUPPORT
402,he,B-SMOKING
402,quit,I-SMOKING
402,smoking,I-SMOKING
402,1,I-SMOKING
402,year,I-SMOKING
402,ago.,I-SMOKING
403,with,B-DRUG_USE
403,marijuana,I-DRUG_USE
404,heroin,B-DRUG_USE
405,family,B-SOCIAL_SUPPORT
405,history,I-SOCIAL_SUPPORT
405,,I-SOCIAL_SUPPORT
405,mr.,I-SOCIAL_SUPPORT
405,,I-SOCIAL_SUPPORT
405,personal,I-SOCIAL_SUPPORT
406,no,B-SOCIAL_SUPPORT
406,significant,I-SOCIAL_SUPPORT
406,family,I-SOCIAL_SUPPORT
406,history,I-SOCIAL_SUPPORT
406,of,I-SOCIAL_SUPPORT
406,cancer,I-SOCIAL_SUPPORT
407,list,B-SOCIAL_SUPPORT
407,has,I-SOCIAL_SUPPORT
407,been,I-SOCIAL_SUPPORT
407,reviewed,I-SOCIAL_SUPPORT
407,with,I-SOCIAL_SUPPORT
407,patient,I-SOCIAL_SUPPORT
407,,I-SOCIAL_SUPPORT
407,family.,I-SOCIAL_SUPPORT
408,denies,B-ALCOHOL_USE
408,any,I-ALCOHOL_USE
408,alcohol,I-ALCOHOL_USE
408,no,I-ALCOHOL_USE
408,current,I-ALCOHOL_USE
409,heroin,B-DRUG_USE
410,family,B-SOCIAL_SUPPORT
410,history,I-SOCIAL_SUPPORT
410,,I-SOCIAL_SUPPORT
410,none,I-SOCIAL_SUPPORT
410,significant,I-SOCIAL_SUPPORT
410,that,I-SOCIAL_SUPPORT
410,they,I-SOCIAL_SUPPORT
410,are,I-SOCIAL_SUPPORT
410,aware,I-SOCIAL_SUPPORT
410,of.,I-SOCIAL_SUPPORT
411,,B-MENTAL_HEALTH
411,awake,I-MENTAL_HEALTH
411,and,I-MENTAL_HEALTH
411,"alert,",I-MENTAL_HEALTH
411,sitting,I-MENTAL_HEALTH
411,comfortably,I-MENTAL_HEALTH
411,in,I-MENTAL_HEALTH
411,a,I-MENTAL_HEALTH
411,"chair,",I-MENTAL_HEALTH
411,in,I-MENTAL_HEALTH
411,no,I-MENTAL_HEALTH
411,acute,I-MENTAL_HEALTH
411,distress,I-MENTAL_HEALTH
412,he,B-SMOKING
412,quit,I-SMOKING
412,smoking,I-SMOKING
412,1,I-SMOKING
412,year,I-SMOKING
412,ago.,I-SMOKING
413,with,B-DRUG_USE
413,marijuana,I-DRUG_USE
414,heroin,B-DRUG_USE
415,family,B-SOCIAL_SUPPORT
415,history,I-SOCIAL_SUPPORT
415,,I-SOCIAL_SUPPORT
415,mr.,I-SOCIAL_SUPPORT
415,,I-SOCIAL_SUPPORT
415,personal,I-SOCIAL_SUPPORT
416,no,B-SOCIAL_SUPPORT
416,significant,I-SOCIAL_SUPPORT
416,family,I-SOCIAL_SUPPORT
416,history,I-SOCIAL_SUPPORT
416,of,I-SOCIAL_SUPPORT
416,cancer,I-SOCIAL_SUPPORT
417,anxiety,B-MENTAL_HEALTH
